-- phpMyAdmin SQL Dump
-- version 5.2.0
-- https://www.phpmyadmin.net/
--
-- Host: 127.0.0.1
-- Generation Time: Jan 25, 2024 at 01:36 AM
-- Server version: 10.4.25-MariaDB
-- PHP Version: 8.1.10

SET SQL_MODE = "NO_AUTO_VALUE_ON_ZERO";
START TRANSACTION;
SET time_zone = "+00:00";


/*!40101 SET @OLD_CHARACTER_SET_CLIENT=@@CHARACTER_SET_CLIENT */;
/*!40101 SET @OLD_CHARACTER_SET_RESULTS=@@CHARACTER_SET_RESULTS */;
/*!40101 SET @OLD_COLLATION_CONNECTION=@@COLLATION_CONNECTION */;
/*!40101 SET NAMES utf8mb4 */;

--
-- Database: `caserole_db`
--

-- --------------------------------------------------------

--
-- Table structure for table `ac_messages`
--

CREATE TABLE `ac_messages` (
  `id` int(11) NOT NULL,
  `m_from` int(11) NOT NULL DEFAULT 0,
  `m_to` int(11) DEFAULT 0,
  `message` text COLLATE utf8mb4_unicode_ci NOT NULL,
  `is_read` tinyint(1) NOT NULL DEFAULT 0,
  `m_from_delete` tinyint(1) NOT NULL DEFAULT 0,
  `m_to_delete` tinyint(1) NOT NULL DEFAULT 0,
  `dt_updated` datetime DEFAULT NULL
) ENGINE=InnoDB DEFAULT CHARSET=utf8mb4 COLLATE=utf8mb4_unicode_ci;

--
-- Dumping data for table `ac_messages`
--

INSERT INTO `ac_messages` (`id`, `m_from`, `m_to`, `message`, `is_read`, `m_from_delete`, `m_to_delete`, `dt_updated`) VALUES
(1, 1, 6, 'test', 1, 0, 0, '2024-01-09 01:07:37'),
(2, 6, 1, 'test chat', 1, 0, 0, '2024-01-09 01:10:03');

-- --------------------------------------------------------

--
-- Table structure for table `ac_profiles`
--

CREATE TABLE `ac_profiles` (
  `id` int(11) NOT NULL,
  `user_id` int(11) DEFAULT NULL,
  `fullname` varchar(256) COLLATE utf8mb4_unicode_ci DEFAULT NULL,
  `avatar` varchar(256) COLLATE utf8mb4_unicode_ci DEFAULT NULL,
  `status` tinyint(1) NOT NULL DEFAULT 0 COMMENT '0:offline;1:online;2:away;3:busy',
  `dt_updated` datetime DEFAULT NULL
) ENGINE=InnoDB DEFAULT CHARSET=utf8mb4 COLLATE=utf8mb4_unicode_ci;

--
-- Dumping data for table `ac_profiles`
--

INSERT INTO `ac_profiles` (`id`, `user_id`, `fullname`, `avatar`, `status`, `dt_updated`) VALUES
(1, 6, 'cebedarenzemmanuellec', NULL, 1, '2024-01-09 01:11:41');

-- --------------------------------------------------------

--
-- Table structure for table `ac_settings`
--

CREATE TABLE `ac_settings` (
  `id` int(11) NOT NULL,
  `s_name` varchar(512) COLLATE utf8mb4_unicode_ci DEFAULT NULL,
  `s_value` text COLLATE utf8mb4_unicode_ci DEFAULT NULL,
  `dt_updated` datetime DEFAULT NULL
) ENGINE=InnoDB DEFAULT CHARSET=utf8mb4 COLLATE=utf8mb4_unicode_ci;

--
-- Dumping data for table `ac_settings`
--

INSERT INTO `ac_settings` (`id`, `s_name`, `s_value`, `dt_updated`) VALUES
(1, 'admin_user_id', '1', '2019-09-19 10:22:49'),
(2, 'pagination_limit', '5', '2019-09-19 10:22:49'),
(3, 'img_upload_path', 'upload', '2019-03-06 00:00:00'),
(4, 'assets_path', 'assets', '2019-09-19 10:22:49'),
(5, 'users_table', 'users', '2019-09-19 10:22:49'),
(6, 'users_col_id', 'id', '2019-09-19 10:22:49'),
(7, 'users_col_email', 'email', '2019-09-19 10:22:49'),
(8, 'site_name', 'AddChat', '2019-09-19 10:22:49'),
(9, 'site_logo', NULL, '2019-09-06 08:25:52'),
(10, 'chat_icon', NULL, '2019-09-06 08:24:20'),
(11, 'notification_type', '0', '2019-09-19 10:22:49'),
(12, 'footer_text', 'AddChat | by Classiebit', '2019-09-19 10:22:49'),
(13, 'footer_url', 'https://classiebit.com/addchat-laravel-pro', '2019-09-19 10:22:49');

-- --------------------------------------------------------

--
-- Table structure for table `ac_users_messages`
--

CREATE TABLE `ac_users_messages` (
  `id` int(11) NOT NULL,
  `users_id` int(11) NOT NULL,
  `buddy_id` int(11) NOT NULL,
  `messages_count` int(11) NOT NULL DEFAULT 1
) ENGINE=InnoDB DEFAULT CHARSET=utf8mb4 COLLATE=utf8mb4_unicode_ci;

-- --------------------------------------------------------

--
-- Table structure for table `addons`
--

CREATE TABLE `addons` (
  `id` bigint(20) UNSIGNED NOT NULL,
  `vendor_id` int(11) NOT NULL,
  `addon_option` varchar(255) COLLATE utf8mb4_unicode_ci NOT NULL,
  `addon_code` varchar(255) COLLATE utf8mb4_unicode_ci NOT NULL,
  `categories` text COLLATE utf8mb4_unicode_ci NOT NULL,
  `brands` text COLLATE utf8mb4_unicode_ci DEFAULT NULL,
  `users` text COLLATE utf8mb4_unicode_ci DEFAULT NULL,
  `addon_type` varchar(255) COLLATE utf8mb4_unicode_ci NOT NULL,
  `amount_type` varchar(255) COLLATE utf8mb4_unicode_ci NOT NULL,
  `amount` double(8,2) NOT NULL,
  `addon_name` varchar(100) COLLATE utf8mb4_unicode_ci DEFAULT NULL,
  `addon_detail` varchar(200) COLLATE utf8mb4_unicode_ci DEFAULT NULL,
  `qty` int(11) DEFAULT NULL,
  `expiry_date` date DEFAULT NULL,
  `status` tinyint(4) NOT NULL,
  `created_at` timestamp NULL DEFAULT NULL,
  `updated_at` timestamp NULL DEFAULT NULL
) ENGINE=InnoDB DEFAULT CHARSET=utf8mb4 COLLATE=utf8mb4_unicode_ci;

--
-- Dumping data for table `addons`
--

INSERT INTO `addons` (`id`, `vendor_id`, `addon_option`, `addon_code`, `categories`, `brands`, `users`, `addon_type`, `amount_type`, `amount`, `addon_name`, `addon_detail`, `qty`, `expiry_date`, `status`, `created_at`, `updated_at`) VALUES
(14, 4, 'Manual', 'I5gF3Er6', '10', '11', 'angelo.firma@gmail.com', 'Single Time', 'Fixed', 200.00, 'Spoon', '2 Dozen', 24, '2023-12-05', 1, '2023-12-02 18:03:08', '2023-12-02 18:18:50'),
(15, 4, 'Manual', 'CtNlqE0e', '10', '10', 'angelo.firma@gmail.com', 'Single Time', 'Fixed', 400.00, 'Fork', '3 Dozen', 36, '2023-12-05', 1, '2023-12-02 18:20:06', '2023-12-02 18:20:06');

-- --------------------------------------------------------

--
-- Table structure for table `admins`
--

CREATE TABLE `admins` (
  `id` bigint(20) UNSIGNED NOT NULL,
  `name` varchar(255) COLLATE utf8mb4_unicode_ci NOT NULL,
  `type` varchar(255) COLLATE utf8mb4_unicode_ci NOT NULL,
  `vendor_id` int(11) NOT NULL,
  `mobile` varchar(255) COLLATE utf8mb4_unicode_ci NOT NULL,
  `email` varchar(255) COLLATE utf8mb4_unicode_ci NOT NULL,
  `password` varchar(255) COLLATE utf8mb4_unicode_ci NOT NULL,
  `image` varchar(255) COLLATE utf8mb4_unicode_ci DEFAULT NULL,
  `confirm` enum('No','Yes') COLLATE utf8mb4_unicode_ci NOT NULL DEFAULT 'No',
  `status` tinyint(4) NOT NULL,
  `created_at` timestamp NULL DEFAULT NULL,
  `updated_at` timestamp NULL DEFAULT NULL
) ENGINE=InnoDB DEFAULT CHARSET=utf8mb4 COLLATE=utf8mb4_unicode_ci;

--
-- Dumping data for table `admins`
--

INSERT INTO `admins` (`id`, `name`, `type`, `vendor_id`, `mobile`, `email`, `password`, `image`, `confirm`, `status`, `created_at`, `updated_at`) VALUES
(1, 'Renz Cebeda', 'superadmin', 0, '09101234567', 'admin@admin.com', '$2y$10$9EcFiSRXS3eEyaQDLodBOONuerw2UJJjM5cgbe04Ttc0.kC1JUWBW', '23628.png', 'No', 1, NULL, '2023-09-11 10:13:36'),
(10, 'Loren Perez', 'vendor', 4, '09913216549', 'bagons@gmail.com', '$2y$10$VEHZHHYThynYuORJqrQMz.uh4OBWPoyPH/dNcHWA2HSKWksn3u/ZW', '71028.jpg', 'Yes', 1, '2023-09-11 12:36:53', '2023-09-11 12:42:09'),
(13, 'Ammie Binay Catering', 'vendor', 7, '09482334425', 'renzemmanuelle.cebeda08@gmail.com', '$2y$10$irzVLmCM0qBeVt1aZz5ff.RzrHg9jT5Krd16qzcAwC8QDx28aikHm', NULL, 'Yes', 1, '2024-01-09 07:26:21', '2024-01-09 05:29:14');

-- --------------------------------------------------------

--
-- Table structure for table `banners`
--

CREATE TABLE `banners` (
  `id` bigint(20) UNSIGNED NOT NULL,
  `image` varchar(255) COLLATE utf8mb4_unicode_ci NOT NULL,
  `type` varchar(255) COLLATE utf8mb4_unicode_ci NOT NULL,
  `link` varchar(255) COLLATE utf8mb4_unicode_ci NOT NULL,
  `title` varchar(255) COLLATE utf8mb4_unicode_ci NOT NULL,
  `alt` varchar(255) COLLATE utf8mb4_unicode_ci NOT NULL,
  `status` tinyint(4) NOT NULL,
  `created_at` timestamp NULL DEFAULT NULL,
  `updated_at` timestamp NULL DEFAULT NULL
) ENGINE=InnoDB DEFAULT CHARSET=utf8mb4 COLLATE=utf8mb4_unicode_ci;

--
-- Dumping data for table `banners`
--

INSERT INTO `banners` (`id`, `image`, `type`, `link`, `title`, `alt`, `status`, `created_at`, `updated_at`) VALUES
(9, '33767.png', 'Slider', 'Birthday', 'Birthday', 'Birthday', 1, '2024-01-09 03:52:28', '2024-01-09 03:52:28'),
(10, '99342.jpg', 'Slider', 'Christmas Party', 'Christmas Party', 'Christmas Party', 1, '2024-01-09 03:52:42', '2024-01-09 03:52:42'),
(11, '78473.png', 'Slider', 'Events', 'Events', 'Events', 1, '2024-01-09 03:52:56', '2024-01-09 03:52:56'),
(12, '98144.png', 'Slider', 'Fiesta', 'Fiesta', 'Fiesta', 1, '2024-01-09 03:53:10', '2024-01-09 03:53:10'),
(13, '21344.jpg', 'Slider', 'New Year', 'New Year', 'New Year', 1, '2024-01-09 03:53:24', '2024-01-09 03:53:24'),
(14, '10563.png', 'Slider', 'Special Events', 'Special Events', 'Special Events', 1, '2024-01-09 03:53:39', '2024-01-09 03:53:39'),
(15, '3095.png', 'Slider', 'Wedding', 'Wedding', 'Wedding', 1, '2024-01-09 03:54:06', '2024-01-09 03:54:06');

-- --------------------------------------------------------

--
-- Table structure for table `brands`
--

CREATE TABLE `brands` (
  `id` bigint(20) UNSIGNED NOT NULL,
  `name` varchar(255) COLLATE utf8mb4_unicode_ci NOT NULL,
  `status` tinyint(4) NOT NULL,
  `created_at` timestamp NULL DEFAULT NULL,
  `updated_at` timestamp NULL DEFAULT NULL
) ENGINE=InnoDB DEFAULT CHARSET=utf8mb4 COLLATE=utf8mb4_unicode_ci;

--
-- Dumping data for table `brands`
--

INSERT INTO `brands` (`id`, `name`, `status`, `created_at`, `updated_at`) VALUES
(10, 'Wedding Brand', 1, '2023-09-11 13:44:08', '2023-09-11 14:59:05'),
(11, 'Corporate Brand', 1, '2023-09-11 14:59:14', '2023-09-11 14:59:14'),
(12, 'Birthday Party Packages', 1, '2024-01-09 04:08:18', '2024-01-09 04:08:18'),
(13, 'Wedding Packages', 1, '2024-01-09 04:08:25', '2024-01-09 04:08:25'),
(14, 'Special Events Packages', 1, '2024-01-09 04:08:31', '2024-01-09 04:08:31'),
(15, 'Christmas Party Packages', 1, '2024-01-09 04:08:37', '2024-01-09 04:08:37'),
(16, 'New Year Celebration Packages', 1, '2024-01-09 04:08:42', '2024-01-09 04:08:42');

-- --------------------------------------------------------

--
-- Table structure for table `carts`
--

CREATE TABLE `carts` (
  `id` bigint(20) UNSIGNED NOT NULL,
  `session_id` varchar(255) COLLATE utf8mb4_unicode_ci NOT NULL,
  `user_id` int(11) DEFAULT NULL,
  `product_id` int(11) NOT NULL,
  `size` varchar(255) COLLATE utf8mb4_unicode_ci NOT NULL,
  `quantity` int(11) NOT NULL,
  `event_date` varchar(50) COLLATE utf8mb4_unicode_ci DEFAULT NULL,
  `event_time` varchar(50) COLLATE utf8mb4_unicode_ci DEFAULT NULL,
  `created_at` timestamp NULL DEFAULT NULL,
  `updated_at` timestamp NULL DEFAULT NULL
) ENGINE=InnoDB DEFAULT CHARSET=utf8mb4 COLLATE=utf8mb4_unicode_ci;

--
-- Dumping data for table `carts`
--

INSERT INTO `carts` (`id`, `session_id`, `user_id`, `product_id`, `size`, `quantity`, `event_date`, `event_time`, `created_at`, `updated_at`) VALUES
(109, 'adcee652ef199248fe75502430fa1762', 0, 4, '200', 1, '2023-12-05', '22:48', '2023-12-03 06:47:54', '2023-12-03 06:47:54'),
(110, '4ac91f5f5e2b91797e875b74cf14894b', 0, 4, '200', 1, '2023-12-05', '02:40', '2023-12-03 10:40:51', '2023-12-03 10:40:51'),
(119, 'cdfb67885233b09a9c1ce38cb73d3785', 0, 5, '30', 1, '2024-01-07', '09:40', '2024-01-07 01:40:52', '2024-01-07 01:40:52'),
(130, 'c59c7119caa6d80b382ae650ffb1bf12', 6, 17, '100', 1, '2024-01-18', '17:45', '2024-01-15 23:45:44', '2024-01-15 23:45:44');

-- --------------------------------------------------------

--
-- Table structure for table `categories`
--

CREATE TABLE `categories` (
  `id` bigint(20) UNSIGNED NOT NULL,
  `parent_id` int(11) NOT NULL,
  `section_id` int(11) NOT NULL,
  `category_name` varchar(255) COLLATE utf8mb4_unicode_ci NOT NULL,
  `category_image` varchar(255) COLLATE utf8mb4_unicode_ci NOT NULL,
  `category_discount` double(8,2) NOT NULL DEFAULT 0.00,
  `description` text COLLATE utf8mb4_unicode_ci DEFAULT NULL,
  `url` varchar(255) COLLATE utf8mb4_unicode_ci NOT NULL,
  `meta_title` varchar(255) COLLATE utf8mb4_unicode_ci DEFAULT NULL,
  `meta_description` varchar(255) COLLATE utf8mb4_unicode_ci DEFAULT NULL,
  `meta_keywords` varchar(255) COLLATE utf8mb4_unicode_ci DEFAULT NULL,
  `status` tinyint(4) NOT NULL,
  `created_at` timestamp NULL DEFAULT NULL,
  `updated_at` timestamp NULL DEFAULT NULL
) ENGINE=InnoDB DEFAULT CHARSET=utf8mb4 COLLATE=utf8mb4_unicode_ci;

--
-- Dumping data for table `categories`
--

INSERT INTO `categories` (`id`, `parent_id`, `section_id`, `category_name`, `category_image`, `category_discount`, `description`, `url`, `meta_title`, `meta_description`, `meta_keywords`, `status`, `created_at`, `updated_at`) VALUES
(10, 0, 1, 'Wedding Designs', '', 10.00, 'Wedding Discounted Design', 'Wedding Design', 'Wedding Design', 'Wedding Design', 'Wedding', 1, '2023-09-11 13:43:48', '2023-09-11 15:12:05'),
(11, 0, 2, 'Corporate Designs', '', 10.00, 'Corporate Design for Big events', 'Corporate Design', 'Corporate Design', 'Corporate Design Description', 'Corporate', 1, '2023-09-11 15:04:11', '2023-09-11 15:12:14'),
(12, 0, 5, 'Kids Birthday', '', 0.00, NULL, 'Kids Birthday', 'Kids Birthday', 'Kids Birthday', 'Birthday', 1, '2024-01-09 03:58:36', '2024-01-09 03:58:36'),
(13, 0, 5, 'Sweet Sixteen', '', 0.00, NULL, 'Sweet Sixteen', 'Sweet Sixteen', 'Sweet Sixteen', 'Birthday', 1, '2024-01-09 03:59:25', '2024-01-09 03:59:25'),
(14, 0, 5, 'Debut Party Celebration', '', 0.00, NULL, 'Debut Party Celebration', 'Debut Party Celebration', 'Debut Party Celebration', 'Birthday', 1, '2024-01-09 03:59:44', '2024-01-09 03:59:44'),
(15, 0, 5, 'Birthday Party Celebration', '', 0.00, NULL, 'Birthday Party Celebration', 'Birthday Party Celebration', 'Birthday Party Celebration', 'Birthday', 1, '2024-01-09 04:00:03', '2024-01-09 04:00:03'),
(16, 0, 6, 'Wedding Anniversary', '', 0.00, NULL, 'Wedding Anniversary', 'Wedding Anniversary', 'Wedding Anniversary', 'Wedding', 1, '2024-01-09 04:00:20', '2024-01-09 04:01:05'),
(17, 0, 6, 'Wedding Day', '', 0.00, NULL, 'Wedding Day', 'Wedding Day', 'Wedding Day', 'Wedding', 1, '2024-01-09 04:00:44', '2024-01-09 04:00:44'),
(18, 0, 6, 'Proposal Party', '', 0.00, NULL, 'Proposal Party', 'Proposal Party', 'Proposal Party', 'Wedding', 1, '2024-01-09 04:01:32', '2024-01-09 04:01:32'),
(19, 0, 6, 'Bachelorette Party', '', 0.00, NULL, 'Bachelorette Party', 'Bachelorette Party', 'Bachelorette Party', 'Wedding', 1, '2024-01-09 04:01:50', '2024-01-09 04:01:50'),
(20, 0, 6, 'Bachelor Party', '', 0.00, NULL, 'Bachelor Party', 'Bachelor Party', 'Bachelor Party', 'Wedding', 1, '2024-01-09 04:02:10', '2024-01-09 04:02:10'),
(21, 0, 7, 'Fiesta', '', 0.00, NULL, 'Fiesta', 'Fiesta', 'Fiesta', 'Special Events', 1, '2024-01-09 04:03:51', '2024-01-09 04:03:51'),
(22, 0, 7, 'Family Reunion', '', 0.00, NULL, 'Family Reunion', 'Family Reunion', 'Family Reunion', 'Wedding', 1, '2024-01-09 04:04:11', '2024-01-09 04:04:11'),
(23, 0, 7, 'Graduation Party', '', 0.00, NULL, 'Graduation Party', 'Graduation Party', 'Graduation Party', 'Special Events', 1, '2024-01-09 04:04:32', '2024-01-09 04:04:32'),
(24, 0, 7, 'Special Events Celebration', '', 0.00, NULL, 'Special Events Celebration', 'Special Events Celebration', 'Special Events Celebration', 'Special Events', 1, '2024-01-09 04:04:51', '2024-01-09 04:04:51'),
(25, 0, 8, 'Christmas Party Celebration', '', 0.00, NULL, 'Christmas Party Celebration', 'Christmas Party Celebration', 'Christmas Party Celebration', 'Christmas Party', 1, '2024-01-09 04:05:24', '2024-01-09 04:05:24'),
(26, 0, 8, 'Noche Buena', '', 0.00, NULL, 'Noche Buena', 'Noche Buena', 'Noche Buena', 'Christmas Party', 1, '2024-01-09 04:05:44', '2024-01-09 04:05:44'),
(27, 0, 8, 'Childrens Christmas Party', '', 0.00, NULL, 'Childrens Christmas Party', 'Childrens Christmas Party', 'Childrens Christmas Party', 'Christmas Party', 1, '2024-01-09 04:06:11', '2024-01-09 04:06:11'),
(28, 0, 8, 'Family Gathering Christmas Party', '', 0.00, NULL, 'Family Gathering Christmas Party', 'Family Gathering Christmas Party', 'Family Gathering Christmas Party', 'Christmas Party', 1, '2024-01-09 04:06:32', '2024-01-09 04:06:32'),
(29, 0, 9, 'Media Noche', '', 0.00, NULL, 'Media Noche', 'Media Noche', 'Media Noche', 'New Year', 1, '2024-01-09 04:06:56', '2024-01-09 04:06:56'),
(30, 0, 9, 'Family Gathering New Years Celebration', '', 0.00, NULL, 'Family Gathering New Years Celebration', 'Family Gathering New Years Celebration', 'Family Gathering New Years Celebration', 'New Year', 1, '2024-01-09 04:07:14', '2024-01-09 04:07:14'),
(31, 0, 10, 'Pick Preference', '', 0.00, NULL, 'Pick Preference', 'Pick Preference', 'Pick Preference', 'Own Choices', 1, '2024-01-09 04:44:54', '2024-01-09 04:45:38');

-- --------------------------------------------------------

--
-- Table structure for table `cod_pincodes`
--

CREATE TABLE `cod_pincodes` (
  `id` bigint(20) UNSIGNED NOT NULL,
  `pincode` varchar(10) COLLATE utf8mb4_unicode_ci NOT NULL,
  `created_at` timestamp NULL DEFAULT NULL,
  `updated_at` timestamp NULL DEFAULT NULL
) ENGINE=InnoDB DEFAULT CHARSET=utf8mb4 COLLATE=utf8mb4_unicode_ci;

--
-- Dumping data for table `cod_pincodes`
--

INSERT INTO `cod_pincodes` (`id`, `pincode`, `created_at`, `updated_at`) VALUES
(1, '504273', '2023-03-23 22:00:00', '2023-03-23 22:00:00'),
(2, '504293', '2023-03-23 22:00:00', '2023-03-23 22:00:00'),
(3, '504307', '2023-03-23 22:00:00', '2023-03-23 22:00:00'),
(4, '504001', '2023-03-23 22:00:00', '2023-03-23 22:00:00'),
(5, '504001', '2023-03-23 22:00:00', '2023-03-23 22:00:00'),
(6, '504251', '2023-03-23 22:00:00', '2023-03-23 22:00:00'),
(7, '504273', '2023-03-23 22:00:00', '2023-03-23 22:00:00'),
(8, '504251', '2023-03-23 22:00:00', '2023-03-23 22:00:00'),
(9, '504309', '2023-03-23 22:00:00', '2023-03-23 22:00:00'),
(10, '504201', '2023-03-23 22:00:00', '2023-03-23 22:00:00'),
(11, '504110', '2023-03-23 22:00:00', '2023-03-23 22:00:00'),
(12, '504202', '2023-03-23 22:00:00', '2023-03-23 22:00:00'),
(13, '504296', '2023-03-23 22:00:00', '2023-03-23 22:00:00'),
(14, '504231', '2023-03-23 22:00:00', '2023-03-23 22:00:00'),
(15, '504109', '2023-03-23 22:00:00', '2023-03-23 22:00:00'),
(16, '504201', '2023-03-23 22:00:00', '2023-03-23 22:00:00'),
(17, '504299', '2023-03-23 22:00:00', '2023-03-23 22:00:00'),
(18, '504002', '2023-03-23 22:00:00', '2023-03-23 22:00:00'),
(19, '504201', '2023-03-23 22:00:00', '2023-03-23 22:00:00'),
(20, '504204', '2023-03-23 22:00:00', '2023-03-23 22:00:00'),
(21, '504312', '2023-03-23 22:00:00', '2023-03-23 22:00:00'),
(22, '504313', '2023-03-23 22:00:00', '2023-03-23 22:00:00'),
(23, '504101', '2023-03-23 22:00:00', '2023-03-23 22:00:00'),
(24, '504293', '2023-03-23 22:00:00', '2023-03-23 22:00:00'),
(25, '504201', '2023-03-23 22:00:00', '2023-03-23 22:00:00'),
(26, '504204', '2023-03-23 22:00:00', '2023-03-23 22:00:00'),
(27, '504293', '2023-03-23 22:00:00', '2023-03-23 22:00:00'),
(28, '504299', '2023-03-23 22:00:00', '2023-03-23 22:00:00'),
(29, '504205', '2023-03-23 22:00:00', '2023-03-23 22:00:00'),
(30, '504203', '2023-03-23 22:00:00', '2023-03-23 22:00:00'),
(31, '504295', '2023-03-23 22:00:00', '2023-03-23 22:00:00'),
(32, '504106', '2023-03-23 22:00:00', '2023-03-23 22:00:00'),
(33, '504306', '2023-03-23 22:00:00', '2023-03-23 22:00:00'),
(34, '504299', '2023-03-23 22:00:00', '2023-03-23 22:00:00'),
(35, '504296', '2023-03-23 22:00:00', '2023-03-23 22:00:00'),
(36, '504101', '2023-03-23 22:00:00', '2023-03-23 22:00:00'),
(37, '504304', '2023-03-23 22:00:00', '2023-03-23 22:00:00'),
(38, '504203', '2023-03-23 22:00:00', '2023-03-23 22:00:00'),
(39, '504299', '2023-03-23 22:00:00', '2023-03-23 22:00:00'),
(40, '504309', '2023-03-23 22:00:00', '2023-03-23 22:00:00'),
(41, '504202', '2023-03-23 22:00:00', '2023-03-23 22:00:00'),
(42, '504251', '2023-03-23 22:00:00', '2023-03-23 22:00:00'),
(43, '504251', '2023-03-23 22:00:00', '2023-03-23 22:00:00'),
(44, '504103', '2023-03-23 22:00:00', '2023-03-23 22:00:00'),
(45, '504001', '2023-03-23 22:00:00', '2023-03-23 22:00:00'),
(46, '504103', '2023-03-23 22:00:00', '2023-03-23 22:00:00'),
(47, '504308', '2023-03-23 22:00:00', '2023-03-23 22:00:00'),
(48, '504204', '2023-03-23 22:00:00', '2023-03-23 22:00:00'),
(49, '504311', '2023-03-23 22:00:00', '2023-03-23 22:00:00'),
(50, '504002', '2023-03-23 22:00:00', '2023-03-23 22:00:00'),
(51, '504273', '2023-03-23 22:00:00', '2023-03-23 22:00:00'),
(52, '504103', '2023-03-23 22:00:00', '2023-03-23 22:00:00'),
(53, '504103', '2023-03-23 22:00:00', '2023-03-23 22:00:00'),
(54, '504001', '2023-03-23 22:00:00', '2023-03-23 22:00:00'),
(55, '504304', '2023-03-23 22:00:00', '2023-03-23 22:00:00'),
(56, '504273', '2023-03-23 22:00:00', '2023-03-23 22:00:00'),
(57, '504101', '2023-03-23 22:00:00', '2023-03-23 22:00:00'),
(58, '504311', '2023-03-23 22:00:00', '2023-03-23 22:00:00'),
(59, '504306', '2023-03-23 22:00:00', '2023-03-23 22:00:00'),
(60, '504304', '2023-03-23 22:00:00', '2023-03-23 22:00:00'),
(61, '504273', '2023-03-23 22:00:00', '2023-03-23 22:00:00'),
(62, '504101', '2023-03-23 22:00:00', '2023-03-23 22:00:00'),
(63, '504307', '2023-03-23 22:00:00', '2023-03-23 22:00:00'),
(64, '504110', '2023-03-23 22:00:00', '2023-03-23 22:00:00'),
(65, '504272', '2023-03-23 22:00:00', '2023-03-23 22:00:00'),
(66, '504101', '2023-03-23 22:00:00', '2023-03-23 22:00:00'),
(67, '504251', '2023-03-23 22:00:00', '2023-03-23 22:00:00'),
(68, '504251', '2023-03-23 22:00:00', '2023-03-23 22:00:00'),
(69, '504323', '2023-03-23 22:00:00', '2023-03-23 22:00:00'),
(70, '504293', '2023-03-23 22:00:00', '2023-03-23 22:00:00'),
(71, '504272', '2023-03-23 22:00:00', '2023-03-23 22:00:00'),
(72, '504002', '2023-03-23 22:00:00', '2023-03-23 22:00:00'),
(73, '504215', '2023-03-23 22:00:00', '2023-03-23 22:00:00'),
(74, '504311', '2023-03-23 22:00:00', '2023-03-23 22:00:00'),
(75, '504309', '2023-03-23 22:00:00', '2023-03-23 22:00:00'),
(76, '504103', '2023-03-23 22:00:00', '2023-03-23 22:00:00'),
(77, '504296', '2023-03-23 22:00:00', '2023-03-23 22:00:00'),
(78, '504346', '2023-03-23 22:00:00', '2023-03-23 22:00:00'),
(79, '504103', '2023-03-23 22:00:00', '2023-03-23 22:00:00'),
(80, '504110', '2023-03-23 22:00:00', '2023-03-23 22:00:00'),
(81, '504002', '2023-03-23 22:00:00', '2023-03-23 22:00:00'),
(82, '504201', '2023-03-23 22:00:00', '2023-03-23 22:00:00'),
(83, '504296', '2023-03-23 22:00:00', '2023-03-23 22:00:00'),
(84, '504205', '2023-03-23 22:00:00', '2023-03-23 22:00:00'),
(85, '504299', '2023-03-23 22:00:00', '2023-03-23 22:00:00'),
(86, '504299', '2023-03-23 22:00:00', '2023-03-23 22:00:00'),
(87, '504304', '2023-03-23 22:00:00', '2023-03-23 22:00:00'),
(88, '504310', '2023-03-23 22:00:00', '2023-03-23 22:00:00'),
(89, '504294', '2023-03-23 22:00:00', '2023-03-23 22:00:00'),
(90, '504306', '2023-03-23 22:00:00', '2023-03-23 22:00:00'),
(91, '504202', '2023-03-23 22:00:00', '2023-03-23 22:00:00'),
(92, '504103', '2023-03-23 22:00:00', '2023-03-23 22:00:00'),
(93, '504313', '2023-03-23 22:00:00', '2023-03-23 22:00:00'),
(94, '504302', '2023-03-23 22:00:00', '2023-03-23 22:00:00'),
(95, '504002', '2023-03-23 22:00:00', '2023-03-23 22:00:00'),
(96, '504299', '2023-03-23 22:00:00', '2023-03-23 22:00:00'),
(97, '504206', '2023-03-23 22:00:00', '2023-03-23 22:00:00'),
(98, '504311', '2023-03-23 22:00:00', '2023-03-23 22:00:00'),
(99, '504346', '2023-03-23 22:00:00', '2023-03-23 22:00:00'),
(100, '504002', '2023-03-23 22:00:00', '2023-03-23 22:00:00'),
(101, '504001', '2023-03-23 22:00:00', '2023-03-23 22:00:00'),
(102, '504202', '2023-03-23 22:00:00', '2023-03-23 22:00:00'),
(103, '504309', '2023-03-23 22:00:00', '2023-03-23 22:00:00'),
(104, '504304', '2023-03-23 22:00:00', '2023-03-23 22:00:00'),
(105, '504273', '2023-03-23 22:00:00', '2023-03-23 22:00:00'),
(106, '504102', '2023-03-23 22:00:00', '2023-03-23 22:00:00'),
(107, '504294', '2023-03-23 22:00:00', '2023-03-23 22:00:00'),
(108, '504293', '2023-03-23 22:00:00', '2023-03-23 22:00:00'),
(109, '504308', '2023-03-23 22:00:00', '2023-03-23 22:00:00'),
(110, '504218', '2023-03-23 22:00:00', '2023-03-23 22:00:00'),
(111, '504201', '2023-03-23 22:00:00', '2023-03-23 22:00:00'),
(112, '504311', '2023-03-23 22:00:00', '2023-03-23 22:00:00'),
(113, '504313', '2023-03-23 22:00:00', '2023-03-23 22:00:00'),
(114, '504110', '2023-03-23 22:00:00', '2023-03-23 22:00:00'),
(115, '504304', '2023-03-23 22:00:00', '2023-03-23 22:00:00'),
(116, '504346', '2023-03-23 22:00:00', '2023-03-23 22:00:00'),
(117, '504205', '2023-03-23 22:00:00', '2023-03-23 22:00:00'),
(118, '504231', '2023-03-23 22:00:00', '2023-03-23 22:00:00'),
(119, '504299', '2023-03-23 22:00:00', '2023-03-23 22:00:00'),
(120, '504203', '2023-03-23 22:00:00', '2023-03-23 22:00:00'),
(121, '504306', '2023-03-23 22:00:00', '2023-03-23 22:00:00'),
(122, '504299', '2023-03-23 22:00:00', '2023-03-23 22:00:00'),
(123, '504310', '2023-03-23 22:00:00', '2023-03-23 22:00:00'),
(124, '504103', '2023-03-23 22:00:00', '2023-03-23 22:00:00'),
(125, '504207', '2023-03-23 22:00:00', '2023-03-23 22:00:00'),
(126, '504215', '2023-03-23 22:00:00', '2023-03-23 22:00:00'),
(127, '504201', '2023-03-23 22:00:00', '2023-03-23 22:00:00'),
(128, '504206', '2023-03-23 22:00:00', '2023-03-23 22:00:00'),
(129, '504272', '2023-03-23 22:00:00', '2023-03-23 22:00:00'),
(130, '504296', '2023-03-23 22:00:00', '2023-03-23 22:00:00'),
(131, '504296', '2023-03-23 22:00:00', '2023-03-23 22:00:00'),
(132, '504307', '2023-03-23 22:00:00', '2023-03-23 22:00:00'),
(133, '504102', '2023-03-23 22:00:00', '2023-03-23 22:00:00'),
(134, '504102', '2023-03-23 22:00:00', '2023-03-23 22:00:00'),
(135, '504209', '2023-03-23 22:00:00', '2023-03-23 22:00:00'),
(136, '504104', '2023-03-23 22:00:00', '2023-03-23 22:00:00'),
(137, '504311', '2023-03-23 22:00:00', '2023-03-23 22:00:00'),
(138, '504001', '2023-03-23 22:00:00', '2023-03-23 22:00:00'),
(139, '504292', '2023-03-23 22:00:00', '2023-03-23 22:00:00'),
(140, '504304', '2023-03-23 22:00:00', '2023-03-23 22:00:00'),
(141, '504311', '2023-03-23 22:00:00', '2023-03-23 22:00:00'),
(142, '504309', '2023-03-23 22:00:00', '2023-03-23 22:00:00'),
(143, '504297', '2023-03-23 22:00:00', '2023-03-23 22:00:00'),
(144, '504346', '2023-03-23 22:00:00', '2023-03-23 22:00:00'),
(145, '504307', '2023-03-23 22:00:00', '2023-03-23 22:00:00'),
(146, '504307', '2023-03-23 22:00:00', '2023-03-23 22:00:00'),
(147, '504219', '2023-03-23 22:00:00', '2023-03-23 22:00:00'),
(148, '504304', '2023-03-23 22:00:00', '2023-03-23 22:00:00'),
(149, '504207', '2023-03-23 22:00:00', '2023-03-23 22:00:00'),
(150, '504292', '2023-03-23 22:00:00', '2023-03-23 22:00:00'),
(151, '504312', '2023-03-23 22:00:00', '2023-03-23 22:00:00'),
(152, '504110', '2023-03-23 22:00:00', '2023-03-23 22:00:00'),
(153, '504346', '2023-03-23 22:00:00', '2023-03-23 22:00:00'),
(154, '504323', '2023-03-23 22:00:00', '2023-03-23 22:00:00'),
(155, '504293', '2023-03-23 22:00:00', '2023-03-23 22:00:00'),
(156, '504208', '2023-03-23 22:00:00', '2023-03-23 22:00:00'),
(157, '504309', '2023-03-23 22:00:00', '2023-03-23 22:00:00'),
(158, '504311', '2023-03-23 22:00:00', '2023-03-23 22:00:00'),
(159, '504215', '2023-03-23 22:00:00', '2023-03-23 22:00:00'),
(160, '504299', '2023-03-23 22:00:00', '2023-03-23 22:00:00'),
(161, '504308', '2023-03-23 22:00:00', '2023-03-23 22:00:00'),
(162, '504273', '2023-03-23 22:00:00', '2023-03-23 22:00:00'),
(163, '504299', '2023-03-23 22:00:00', '2023-03-23 22:00:00'),
(164, '504109', '2023-03-23 22:00:00', '2023-03-23 22:00:00'),
(165, '504309', '2023-03-23 22:00:00', '2023-03-23 22:00:00'),
(166, '504299', '2023-03-23 22:00:00', '2023-03-23 22:00:00'),
(167, '504306', '2023-03-23 22:00:00', '2023-03-23 22:00:00'),
(168, '504293', '2023-03-23 22:00:00', '2023-03-23 22:00:00'),
(169, '504311', '2023-03-23 22:00:00', '2023-03-23 22:00:00'),
(170, '504251', '2023-03-23 22:00:00', '2023-03-23 22:00:00'),
(171, '504308', '2023-03-23 22:00:00', '2023-03-23 22:00:00'),
(172, '504299', '2023-03-23 22:00:00', '2023-03-23 22:00:00'),
(173, '504346', '2023-03-23 22:00:00', '2023-03-23 22:00:00'),
(174, '504296', '2023-03-23 22:00:00', '2023-03-23 22:00:00'),
(175, '504311', '2023-03-23 22:00:00', '2023-03-23 22:00:00'),
(176, '504273', '2023-03-23 22:00:00', '2023-03-23 22:00:00'),
(177, '504207', '2023-03-23 22:00:00', '2023-03-23 22:00:00'),
(178, '504299', '2023-03-23 22:00:00', '2023-03-23 22:00:00'),
(179, '504205', '2023-03-23 22:00:00', '2023-03-23 22:00:00'),
(180, '504216', '2023-03-23 22:00:00', '2023-03-23 22:00:00'),
(181, '504346', '2023-03-23 22:00:00', '2023-03-23 22:00:00'),
(182, '504295', '2023-03-23 22:00:00', '2023-03-23 22:00:00'),
(183, '504106', '2023-03-23 22:00:00', '2023-03-23 22:00:00'),
(184, '504296', '2023-03-23 22:00:00', '2023-03-23 22:00:00'),
(185, '504215', '2023-03-23 22:00:00', '2023-03-23 22:00:00'),
(186, '504273', '2023-03-23 22:00:00', '2023-03-23 22:00:00'),
(187, '504309', '2023-03-23 22:00:00', '2023-03-23 22:00:00'),
(188, '504313', '2023-03-23 22:00:00', '2023-03-23 22:00:00'),
(189, '504216', '2023-03-23 22:00:00', '2023-03-23 22:00:00'),
(190, '504251', '2023-03-23 22:00:00', '2023-03-23 22:00:00'),
(191, '504110', '2023-03-23 22:00:00', '2023-03-23 22:00:00'),
(192, '504313', '2023-03-23 22:00:00', '2023-03-23 22:00:00'),
(193, '504251', '2023-03-23 22:00:00', '2023-03-23 22:00:00'),
(194, '504207', '2023-03-23 22:00:00', '2023-03-23 22:00:00'),
(195, '504214', '2023-03-23 22:00:00', '2023-03-23 22:00:00'),
(196, '504205', '2023-03-23 22:00:00', '2023-03-23 22:00:00'),
(197, '504304', '2023-03-23 22:00:00', '2023-03-23 22:00:00'),
(198, '504102', '2023-03-23 22:00:00', '2023-03-23 22:00:00'),
(199, '504312', '2023-03-23 22:00:00', '2023-03-23 22:00:00'),
(200, '504219', '2023-03-23 22:00:00', '2023-03-23 22:00:00'),
(201, '504105', '2023-03-23 22:00:00', '2023-03-23 22:00:00'),
(202, '504205', '2023-03-23 22:00:00', '2023-03-23 22:00:00'),
(203, '504109', '2023-03-23 22:00:00', '2023-03-23 22:00:00'),
(204, '504306', '2023-03-23 22:00:00', '2023-03-23 22:00:00'),
(205, '504273', '2023-03-23 22:00:00', '2023-03-23 22:00:00'),
(206, '504231', '2023-03-23 22:00:00', '2023-03-23 22:00:00'),
(207, '504310', '2023-03-23 22:00:00', '2023-03-23 22:00:00'),
(208, '504102', '2023-03-23 22:00:00', '2023-03-23 22:00:00'),
(209, '504002', '2023-03-23 22:00:00', '2023-03-23 22:00:00'),
(210, '504313', '2023-03-23 22:00:00', '2023-03-23 22:00:00'),
(211, '504219', '2023-03-23 22:00:00', '2023-03-23 22:00:00'),
(212, '504101', '2023-03-23 22:00:00', '2023-03-23 22:00:00'),
(213, '504297', '2023-03-23 22:00:00', '2023-03-23 22:00:00'),
(214, '504219', '2023-03-23 22:00:00', '2023-03-23 22:00:00'),
(215, '504293', '2023-03-23 22:00:00', '2023-03-23 22:00:00'),
(216, '504312', '2023-03-23 22:00:00', '2023-03-23 22:00:00'),
(217, '504312', '2023-03-23 22:00:00', '2023-03-23 22:00:00'),
(218, '504304', '2023-03-23 22:00:00', '2023-03-23 22:00:00'),
(219, '504299', '2023-03-23 22:00:00', '2023-03-23 22:00:00'),
(220, '504273', '2023-03-23 22:00:00', '2023-03-23 22:00:00'),
(221, '504207', '2023-03-23 22:00:00', '2023-03-23 22:00:00'),
(222, '504106', '2023-03-23 22:00:00', '2023-03-23 22:00:00'),
(223, '504231', '2023-03-23 22:00:00', '2023-03-23 22:00:00'),
(224, '504293', '2023-03-23 22:00:00', '2023-03-23 22:00:00'),
(225, '504346', '2023-03-23 22:00:00', '2023-03-23 22:00:00'),
(226, '504311', '2023-03-23 22:00:00', '2023-03-23 22:00:00'),
(227, '504292', '2023-03-23 22:00:00', '2023-03-23 22:00:00'),
(228, '504295', '2023-03-23 22:00:00', '2023-03-23 22:00:00'),
(229, '504203', '2023-03-23 22:00:00', '2023-03-23 22:00:00'),
(230, '504295', '2023-03-23 22:00:00', '2023-03-23 22:00:00'),
(231, '504002', '2023-03-23 22:00:00', '2023-03-23 22:00:00'),
(232, '504309', '2023-03-23 22:00:00', '2023-03-23 22:00:00'),
(233, '504101', '2023-03-23 22:00:00', '2023-03-23 22:00:00'),
(234, '504204', '2023-03-23 22:00:00', '2023-03-23 22:00:00'),
(235, '504216', '2023-03-23 22:00:00', '2023-03-23 22:00:00'),
(236, '504205', '2023-03-23 22:00:00', '2023-03-23 22:00:00'),
(237, '504307', '2023-03-23 22:00:00', '2023-03-23 22:00:00'),
(238, '504308', '2023-03-23 22:00:00', '2023-03-23 22:00:00'),
(239, '504201', '2023-03-23 22:00:00', '2023-03-23 22:00:00'),
(240, '504102', '2023-03-23 22:00:00', '2023-03-23 22:00:00'),
(241, '504201', '2023-03-23 22:00:00', '2023-03-23 22:00:00'),
(242, '504292', '2023-03-23 22:00:00', '2023-03-23 22:00:00'),
(243, '504309', '2023-03-23 22:00:00', '2023-03-23 22:00:00'),
(244, '504323', '2023-03-23 22:00:00', '2023-03-23 22:00:00'),
(245, '504310', '2023-03-23 22:00:00', '2023-03-23 22:00:00'),
(246, '504215', '2023-03-23 22:00:00', '2023-03-23 22:00:00'),
(247, '504312', '2023-03-23 22:00:00', '2023-03-23 22:00:00'),
(248, '504214', '2023-03-23 22:00:00', '2023-03-23 22:00:00'),
(249, '504103', '2023-03-23 22:00:00', '2023-03-23 22:00:00'),
(250, '504311', '2023-03-23 22:00:00', '2023-03-23 22:00:00'),
(251, '504273', '2023-03-23 22:00:00', '2023-03-23 22:00:00'),
(252, '504304', '2023-03-23 22:00:00', '2023-03-23 22:00:00'),
(253, '504106', '2023-03-23 22:00:00', '2023-03-23 22:00:00'),
(254, '504110', '2023-03-23 22:00:00', '2023-03-23 22:00:00'),
(255, '504299', '2023-03-23 22:00:00', '2023-03-23 22:00:00'),
(256, '504103', '2023-03-23 22:00:00', '2023-03-23 22:00:00'),
(257, '504105', '2023-03-23 22:00:00', '2023-03-23 22:00:00'),
(258, '504304', '2023-03-23 22:00:00', '2023-03-23 22:00:00'),
(259, '504312', '2023-03-23 22:00:00', '2023-03-23 22:00:00'),
(260, '504323', '2023-03-23 22:00:00', '2023-03-23 22:00:00'),
(261, '504216', '2023-03-23 22:00:00', '2023-03-23 22:00:00'),
(262, '504109', '2023-03-23 22:00:00', '2023-03-23 22:00:00'),
(263, '504219', '2023-03-23 22:00:00', '2023-03-23 22:00:00'),
(264, '504301', '2023-03-23 22:00:00', '2023-03-23 22:00:00'),
(265, '504214', '2023-03-23 22:00:00', '2023-03-23 22:00:00'),
(266, '504309', '2023-03-23 22:00:00', '2023-03-23 22:00:00'),
(267, '504311', '2023-03-23 22:00:00', '2023-03-23 22:00:00'),
(268, '504106', '2023-03-23 22:00:00', '2023-03-23 22:00:00'),
(269, '504207', '2023-03-23 22:00:00', '2023-03-23 22:00:00'),
(270, '504109', '2023-03-23 22:00:00', '2023-03-23 22:00:00'),
(271, '504202', '2023-03-23 22:00:00', '2023-03-23 22:00:00'),
(272, '504206', '2023-03-23 22:00:00', '2023-03-23 22:00:00'),
(273, '504313', '2023-03-23 22:00:00', '2023-03-23 22:00:00'),
(274, '504312', '2023-03-23 22:00:00', '2023-03-23 22:00:00'),
(275, '504104', '2023-03-23 22:00:00', '2023-03-23 22:00:00'),
(276, '504299', '2023-03-23 22:00:00', '2023-03-23 22:00:00'),
(277, '504215', '2023-03-23 22:00:00', '2023-03-23 22:00:00'),
(278, '504296', '2023-03-23 22:00:00', '2023-03-23 22:00:00'),
(279, '504105', '2023-03-23 22:00:00', '2023-03-23 22:00:00'),
(280, '504220', '2023-03-23 22:00:00', '2023-03-23 22:00:00'),
(281, '504206', '2023-03-23 22:00:00', '2023-03-23 22:00:00'),
(282, '504204', '2023-03-23 22:00:00', '2023-03-23 22:00:00'),
(283, '504202', '2023-03-23 22:00:00', '2023-03-23 22:00:00'),
(284, '504103', '2023-03-23 22:00:00', '2023-03-23 22:00:00'),
(285, '504313', '2023-03-23 22:00:00', '2023-03-23 22:00:00'),
(286, '504103', '2023-03-23 22:00:00', '2023-03-23 22:00:00'),
(287, '504110', '2023-03-23 22:00:00', '2023-03-23 22:00:00'),
(288, '504103', '2023-03-23 22:00:00', '2023-03-23 22:00:00'),
(289, '504214', '2023-03-23 22:00:00', '2023-03-23 22:00:00'),
(290, '504106', '2023-03-23 22:00:00', '2023-03-23 22:00:00'),
(291, '504273', '2023-03-23 22:00:00', '2023-03-23 22:00:00'),
(292, '504307', '2023-03-23 22:00:00', '2023-03-23 22:00:00'),
(293, '504310', '2023-03-23 22:00:00', '2023-03-23 22:00:00'),
(294, '504204', '2023-03-23 22:00:00', '2023-03-23 22:00:00'),
(295, '504206', '2023-03-23 22:00:00', '2023-03-23 22:00:00'),
(296, '504313', '2023-03-23 22:00:00', '2023-03-23 22:00:00'),
(297, '504208', '2023-03-23 22:00:00', '2023-03-23 22:00:00'),
(298, '504209', '2023-03-23 22:00:00', '2023-03-23 22:00:00'),
(299, '504208', '2023-03-23 22:00:00', '2023-03-23 22:00:00'),
(300, '504231', '2023-03-23 22:00:00', '2023-03-23 22:00:00'),
(301, '141001', NULL, NULL);

-- --------------------------------------------------------

--
-- Table structure for table `countries`
--

CREATE TABLE `countries` (
  `id` int(11) NOT NULL,
  `country_code` varchar(2) NOT NULL DEFAULT '',
  `country_name` varchar(100) NOT NULL DEFAULT '',
  `status` tinyint(4) NOT NULL DEFAULT 1,
  `created_at` datetime NOT NULL,
  `updated_at` timestamp NOT NULL DEFAULT current_timestamp() ON UPDATE current_timestamp()
) ENGINE=MyISAM DEFAULT CHARSET=utf8;

--
-- Dumping data for table `countries`
--

INSERT INTO `countries` (`id`, `country_code`, `country_name`, `status`, `created_at`, `updated_at`) VALUES
(1, 'AF', 'Afghanistan', 1, '0000-00-00 00:00:00', '0000-00-00 00:00:00'),
(2, 'AL', 'Albania', 1, '0000-00-00 00:00:00', '0000-00-00 00:00:00'),
(3, 'DZ', 'Algeria', 1, '0000-00-00 00:00:00', '0000-00-00 00:00:00'),
(4, 'DS', 'American Samoa', 1, '0000-00-00 00:00:00', '0000-00-00 00:00:00'),
(5, 'AD', 'Andorra', 1, '0000-00-00 00:00:00', '0000-00-00 00:00:00'),
(6, 'AO', 'Angola', 1, '0000-00-00 00:00:00', '0000-00-00 00:00:00'),
(7, 'AI', 'Anguilla', 1, '0000-00-00 00:00:00', '0000-00-00 00:00:00'),
(8, 'AQ', 'Antarctica', 1, '0000-00-00 00:00:00', '0000-00-00 00:00:00'),
(9, 'AG', 'Antigua and Barbuda', 1, '0000-00-00 00:00:00', '0000-00-00 00:00:00'),
(10, 'AR', 'Argentina', 1, '0000-00-00 00:00:00', '0000-00-00 00:00:00'),
(11, 'AM', 'Armenia', 1, '0000-00-00 00:00:00', '0000-00-00 00:00:00'),
(12, 'AW', 'Aruba', 1, '0000-00-00 00:00:00', '0000-00-00 00:00:00'),
(13, 'AU', 'Australia', 1, '0000-00-00 00:00:00', '0000-00-00 00:00:00'),
(14, 'AT', 'Austria', 1, '0000-00-00 00:00:00', '0000-00-00 00:00:00'),
(15, 'AZ', 'Azerbaijan', 1, '0000-00-00 00:00:00', '0000-00-00 00:00:00'),
(16, 'BS', 'Bahamas', 1, '0000-00-00 00:00:00', '0000-00-00 00:00:00'),
(17, 'BH', 'Bahrain', 1, '0000-00-00 00:00:00', '0000-00-00 00:00:00'),
(18, 'BD', 'Bangladesh', 1, '0000-00-00 00:00:00', '0000-00-00 00:00:00'),
(19, 'BB', 'Barbados', 1, '0000-00-00 00:00:00', '0000-00-00 00:00:00'),
(20, 'BY', 'Belarus', 1, '0000-00-00 00:00:00', '0000-00-00 00:00:00'),
(21, 'BE', 'Belgium', 1, '0000-00-00 00:00:00', '0000-00-00 00:00:00'),
(22, 'BZ', 'Belize', 1, '0000-00-00 00:00:00', '0000-00-00 00:00:00'),
(23, 'BJ', 'Benin', 1, '0000-00-00 00:00:00', '0000-00-00 00:00:00'),
(24, 'BM', 'Bermuda', 1, '0000-00-00 00:00:00', '0000-00-00 00:00:00'),
(25, 'BT', 'Bhutan', 1, '0000-00-00 00:00:00', '0000-00-00 00:00:00'),
(26, 'BO', 'Bolivia', 1, '0000-00-00 00:00:00', '0000-00-00 00:00:00'),
(27, 'BA', 'Bosnia and Herzegovina', 1, '0000-00-00 00:00:00', '0000-00-00 00:00:00'),
(28, 'BW', 'Botswana', 1, '0000-00-00 00:00:00', '0000-00-00 00:00:00'),
(29, 'BV', 'Bouvet Island', 1, '0000-00-00 00:00:00', '0000-00-00 00:00:00'),
(30, 'BR', 'Brazil', 1, '0000-00-00 00:00:00', '0000-00-00 00:00:00'),
(31, 'IO', 'British Indian Ocean Territory', 1, '0000-00-00 00:00:00', '0000-00-00 00:00:00'),
(32, 'BN', 'Brunei Darussalam', 1, '0000-00-00 00:00:00', '0000-00-00 00:00:00'),
(33, 'BG', 'Bulgaria', 1, '0000-00-00 00:00:00', '0000-00-00 00:00:00'),
(34, 'BF', 'Burkina Faso', 1, '0000-00-00 00:00:00', '0000-00-00 00:00:00'),
(35, 'BI', 'Burundi', 1, '0000-00-00 00:00:00', '0000-00-00 00:00:00'),
(36, 'KH', 'Cambodia', 1, '0000-00-00 00:00:00', '0000-00-00 00:00:00'),
(37, 'CM', 'Cameroon', 1, '0000-00-00 00:00:00', '0000-00-00 00:00:00'),
(38, 'CA', 'Canada', 1, '0000-00-00 00:00:00', '0000-00-00 00:00:00'),
(39, 'CV', 'Cape Verde', 1, '0000-00-00 00:00:00', '0000-00-00 00:00:00'),
(40, 'KY', 'Cayman Islands', 1, '0000-00-00 00:00:00', '0000-00-00 00:00:00'),
(41, 'CF', 'Central African Republic', 1, '0000-00-00 00:00:00', '0000-00-00 00:00:00'),
(42, 'TD', 'Chad', 1, '0000-00-00 00:00:00', '0000-00-00 00:00:00'),
(43, 'CL', 'Chile', 1, '0000-00-00 00:00:00', '0000-00-00 00:00:00'),
(44, 'CN', 'China', 1, '0000-00-00 00:00:00', '0000-00-00 00:00:00'),
(45, 'CX', 'Christmas Island', 1, '0000-00-00 00:00:00', '0000-00-00 00:00:00'),
(46, 'CC', 'Cocos (Keeling) Islands', 1, '0000-00-00 00:00:00', '0000-00-00 00:00:00'),
(47, 'CO', 'Colombia', 1, '0000-00-00 00:00:00', '0000-00-00 00:00:00'),
(48, 'KM', 'Comoros', 1, '0000-00-00 00:00:00', '0000-00-00 00:00:00'),
(49, 'CD', 'Democratic Republic of the Congo', 1, '0000-00-00 00:00:00', '0000-00-00 00:00:00'),
(50, 'CG', 'Republic of Congo', 1, '0000-00-00 00:00:00', '0000-00-00 00:00:00'),
(51, 'CK', 'Cook Islands', 1, '0000-00-00 00:00:00', '0000-00-00 00:00:00'),
(52, 'CR', 'Costa Rica', 1, '0000-00-00 00:00:00', '0000-00-00 00:00:00'),
(53, 'HR', 'Croatia (Hrvatska)', 1, '0000-00-00 00:00:00', '0000-00-00 00:00:00'),
(54, 'CU', 'Cuba', 1, '0000-00-00 00:00:00', '0000-00-00 00:00:00'),
(55, 'CY', 'Cyprus', 1, '0000-00-00 00:00:00', '0000-00-00 00:00:00'),
(56, 'CZ', 'Czech Republic', 1, '0000-00-00 00:00:00', '0000-00-00 00:00:00'),
(57, 'DK', 'Denmark', 1, '0000-00-00 00:00:00', '0000-00-00 00:00:00'),
(58, 'DJ', 'Djibouti', 1, '0000-00-00 00:00:00', '0000-00-00 00:00:00'),
(59, 'DM', 'Dominica', 1, '0000-00-00 00:00:00', '0000-00-00 00:00:00'),
(60, 'DO', 'Dominican Republic', 1, '0000-00-00 00:00:00', '0000-00-00 00:00:00'),
(61, 'TP', 'East Timor', 1, '0000-00-00 00:00:00', '0000-00-00 00:00:00'),
(62, 'EC', 'Ecuador', 1, '0000-00-00 00:00:00', '0000-00-00 00:00:00'),
(63, 'EG', 'Egypt', 1, '0000-00-00 00:00:00', '0000-00-00 00:00:00'),
(64, 'SV', 'El Salvador', 1, '0000-00-00 00:00:00', '0000-00-00 00:00:00'),
(65, 'GQ', 'Equatorial Guinea', 1, '0000-00-00 00:00:00', '0000-00-00 00:00:00'),
(66, 'ER', 'Eritrea', 1, '0000-00-00 00:00:00', '0000-00-00 00:00:00'),
(67, 'EE', 'Estonia', 1, '0000-00-00 00:00:00', '0000-00-00 00:00:00'),
(68, 'ET', 'Ethiopia', 1, '0000-00-00 00:00:00', '0000-00-00 00:00:00'),
(69, 'FK', 'Falkland Islands (Malvinas)', 1, '0000-00-00 00:00:00', '0000-00-00 00:00:00'),
(70, 'FO', 'Faroe Islands', 1, '0000-00-00 00:00:00', '0000-00-00 00:00:00'),
(71, 'FJ', 'Fiji', 1, '0000-00-00 00:00:00', '0000-00-00 00:00:00'),
(72, 'FI', 'Finland', 1, '0000-00-00 00:00:00', '0000-00-00 00:00:00'),
(73, 'FR', 'France', 1, '0000-00-00 00:00:00', '0000-00-00 00:00:00'),
(74, 'FX', 'France, Metropolitan', 1, '0000-00-00 00:00:00', '0000-00-00 00:00:00'),
(75, 'GF', 'French Guiana', 1, '0000-00-00 00:00:00', '0000-00-00 00:00:00'),
(76, 'PF', 'French Polynesia', 1, '0000-00-00 00:00:00', '0000-00-00 00:00:00'),
(77, 'TF', 'French Southern Territories', 1, '0000-00-00 00:00:00', '0000-00-00 00:00:00'),
(78, 'GA', 'Gabon', 1, '0000-00-00 00:00:00', '0000-00-00 00:00:00'),
(79, 'GM', 'Gambia', 1, '0000-00-00 00:00:00', '0000-00-00 00:00:00'),
(80, 'GE', 'Georgia', 1, '0000-00-00 00:00:00', '0000-00-00 00:00:00'),
(81, 'DE', 'Germany', 1, '0000-00-00 00:00:00', '0000-00-00 00:00:00'),
(82, 'GH', 'Ghana', 1, '0000-00-00 00:00:00', '0000-00-00 00:00:00'),
(83, 'GI', 'Gibraltar', 1, '0000-00-00 00:00:00', '0000-00-00 00:00:00'),
(84, 'GK', 'Guernsey', 1, '0000-00-00 00:00:00', '0000-00-00 00:00:00'),
(85, 'GR', 'Greece', 1, '0000-00-00 00:00:00', '0000-00-00 00:00:00'),
(86, 'GL', 'Greenland', 1, '0000-00-00 00:00:00', '0000-00-00 00:00:00'),
(87, 'GD', 'Grenada', 1, '0000-00-00 00:00:00', '0000-00-00 00:00:00'),
(88, 'GP', 'Guadeloupe', 1, '0000-00-00 00:00:00', '0000-00-00 00:00:00'),
(89, 'GU', 'Guam', 1, '0000-00-00 00:00:00', '0000-00-00 00:00:00'),
(90, 'GT', 'Guatemala', 1, '0000-00-00 00:00:00', '0000-00-00 00:00:00'),
(91, 'GN', 'Guinea', 1, '0000-00-00 00:00:00', '0000-00-00 00:00:00'),
(92, 'GW', 'Guinea-Bissau', 1, '0000-00-00 00:00:00', '0000-00-00 00:00:00'),
(93, 'GY', 'Guyana', 1, '0000-00-00 00:00:00', '0000-00-00 00:00:00'),
(94, 'HT', 'Haiti', 1, '0000-00-00 00:00:00', '0000-00-00 00:00:00'),
(95, 'HM', 'Heard and Mc Donald Islands', 1, '0000-00-00 00:00:00', '0000-00-00 00:00:00'),
(96, 'HN', 'Honduras', 1, '0000-00-00 00:00:00', '0000-00-00 00:00:00'),
(97, 'HK', 'Hong Kong', 1, '0000-00-00 00:00:00', '0000-00-00 00:00:00'),
(98, 'HU', 'Hungary', 1, '0000-00-00 00:00:00', '0000-00-00 00:00:00'),
(99, 'IS', 'Iceland', 1, '0000-00-00 00:00:00', '0000-00-00 00:00:00'),
(100, 'IN', 'India', 1, '0000-00-00 00:00:00', '0000-00-00 00:00:00'),
(101, 'IM', 'Isle of Man', 1, '0000-00-00 00:00:00', '0000-00-00 00:00:00'),
(102, 'ID', 'Indonesia', 1, '0000-00-00 00:00:00', '0000-00-00 00:00:00'),
(103, 'IR', 'Iran (Islamic Republic of)', 1, '0000-00-00 00:00:00', '0000-00-00 00:00:00'),
(104, 'IQ', 'Iraq', 1, '0000-00-00 00:00:00', '0000-00-00 00:00:00'),
(105, 'IE', 'Ireland', 1, '0000-00-00 00:00:00', '0000-00-00 00:00:00'),
(106, 'IL', 'Israel', 1, '0000-00-00 00:00:00', '0000-00-00 00:00:00'),
(107, 'IT', 'Italy', 1, '0000-00-00 00:00:00', '0000-00-00 00:00:00'),
(108, 'CI', 'Ivory Coast', 1, '0000-00-00 00:00:00', '0000-00-00 00:00:00'),
(109, 'JE', 'Jersey', 1, '0000-00-00 00:00:00', '0000-00-00 00:00:00'),
(110, 'JM', 'Jamaica', 1, '0000-00-00 00:00:00', '0000-00-00 00:00:00'),
(111, 'JP', 'Japan', 1, '0000-00-00 00:00:00', '0000-00-00 00:00:00'),
(112, 'JO', 'Jordan', 1, '0000-00-00 00:00:00', '0000-00-00 00:00:00'),
(113, 'KZ', 'Kazakhstan', 1, '0000-00-00 00:00:00', '0000-00-00 00:00:00'),
(114, 'KE', 'Kenya', 1, '0000-00-00 00:00:00', '0000-00-00 00:00:00'),
(115, 'KI', 'Kiribati', 1, '0000-00-00 00:00:00', '0000-00-00 00:00:00'),
(116, 'KP', 'Korea, Democratic People\'s Republic of', 1, '0000-00-00 00:00:00', '0000-00-00 00:00:00'),
(117, 'KR', 'Korea, Republic of', 1, '0000-00-00 00:00:00', '0000-00-00 00:00:00'),
(118, 'XK', 'Kosovo', 1, '0000-00-00 00:00:00', '0000-00-00 00:00:00'),
(119, 'KW', 'Kuwait', 1, '0000-00-00 00:00:00', '0000-00-00 00:00:00'),
(120, 'KG', 'Kyrgyzstan', 1, '0000-00-00 00:00:00', '0000-00-00 00:00:00'),
(121, 'LA', 'Lao People\'s Democratic Republic', 1, '0000-00-00 00:00:00', '0000-00-00 00:00:00'),
(122, 'LV', 'Latvia', 1, '0000-00-00 00:00:00', '0000-00-00 00:00:00'),
(123, 'LB', 'Lebanon', 1, '0000-00-00 00:00:00', '0000-00-00 00:00:00'),
(124, 'LS', 'Lesotho', 1, '0000-00-00 00:00:00', '0000-00-00 00:00:00'),
(125, 'LR', 'Liberia', 1, '0000-00-00 00:00:00', '0000-00-00 00:00:00'),
(126, 'LY', 'Libyan Arab Jamahiriya', 1, '0000-00-00 00:00:00', '0000-00-00 00:00:00'),
(127, 'LI', 'Liechtenstein', 1, '0000-00-00 00:00:00', '0000-00-00 00:00:00'),
(128, 'LT', 'Lithuania', 1, '0000-00-00 00:00:00', '0000-00-00 00:00:00'),
(129, 'LU', 'Luxembourg', 1, '0000-00-00 00:00:00', '0000-00-00 00:00:00'),
(130, 'MO', 'Macau', 1, '0000-00-00 00:00:00', '0000-00-00 00:00:00'),
(131, 'MK', 'North Macedonia', 1, '0000-00-00 00:00:00', '0000-00-00 00:00:00'),
(132, 'MG', 'Madagascar', 1, '0000-00-00 00:00:00', '0000-00-00 00:00:00'),
(133, 'MW', 'Malawi', 1, '0000-00-00 00:00:00', '0000-00-00 00:00:00'),
(134, 'MY', 'Malaysia', 1, '0000-00-00 00:00:00', '0000-00-00 00:00:00'),
(135, 'MV', 'Maldives', 1, '0000-00-00 00:00:00', '0000-00-00 00:00:00'),
(136, 'ML', 'Mali', 1, '0000-00-00 00:00:00', '0000-00-00 00:00:00'),
(137, 'MT', 'Malta', 1, '0000-00-00 00:00:00', '0000-00-00 00:00:00'),
(138, 'MH', 'Marshall Islands', 1, '0000-00-00 00:00:00', '0000-00-00 00:00:00'),
(139, 'MQ', 'Martinique', 1, '0000-00-00 00:00:00', '0000-00-00 00:00:00'),
(140, 'MR', 'Mauritania', 1, '0000-00-00 00:00:00', '0000-00-00 00:00:00'),
(141, 'MU', 'Mauritius', 1, '0000-00-00 00:00:00', '0000-00-00 00:00:00'),
(142, 'TY', 'Mayotte', 1, '0000-00-00 00:00:00', '0000-00-00 00:00:00'),
(143, 'MX', 'Mexico', 1, '0000-00-00 00:00:00', '0000-00-00 00:00:00'),
(144, 'FM', 'Micronesia, Federated States of', 1, '0000-00-00 00:00:00', '0000-00-00 00:00:00'),
(145, 'MD', 'Moldova, Republic of', 1, '0000-00-00 00:00:00', '0000-00-00 00:00:00'),
(146, 'MC', 'Monaco', 1, '0000-00-00 00:00:00', '0000-00-00 00:00:00'),
(147, 'MN', 'Mongolia', 1, '0000-00-00 00:00:00', '0000-00-00 00:00:00'),
(148, 'ME', 'Montenegro', 1, '0000-00-00 00:00:00', '0000-00-00 00:00:00'),
(149, 'MS', 'Montserrat', 1, '0000-00-00 00:00:00', '0000-00-00 00:00:00'),
(150, 'MA', 'Morocco', 1, '0000-00-00 00:00:00', '0000-00-00 00:00:00'),
(151, 'MZ', 'Mozambique', 1, '0000-00-00 00:00:00', '0000-00-00 00:00:00'),
(152, 'MM', 'Myanmar', 1, '0000-00-00 00:00:00', '0000-00-00 00:00:00'),
(153, 'NA', 'Namibia', 1, '0000-00-00 00:00:00', '0000-00-00 00:00:00'),
(154, 'NR', 'Nauru', 1, '0000-00-00 00:00:00', '0000-00-00 00:00:00'),
(155, 'NP', 'Nepal', 1, '0000-00-00 00:00:00', '0000-00-00 00:00:00'),
(156, 'NL', 'Netherlands', 1, '0000-00-00 00:00:00', '0000-00-00 00:00:00'),
(157, 'AN', 'Netherlands Antilles', 1, '0000-00-00 00:00:00', '0000-00-00 00:00:00'),
(158, 'NC', 'New Caledonia', 1, '0000-00-00 00:00:00', '0000-00-00 00:00:00'),
(159, 'NZ', 'New Zealand', 1, '0000-00-00 00:00:00', '0000-00-00 00:00:00'),
(160, 'NI', 'Nicaragua', 1, '0000-00-00 00:00:00', '0000-00-00 00:00:00'),
(161, 'NE', 'Niger', 1, '0000-00-00 00:00:00', '0000-00-00 00:00:00'),
(162, 'NG', 'Nigeria', 1, '0000-00-00 00:00:00', '0000-00-00 00:00:00'),
(163, 'NU', 'Niue', 1, '0000-00-00 00:00:00', '0000-00-00 00:00:00'),
(164, 'NF', 'Norfolk Island', 1, '0000-00-00 00:00:00', '0000-00-00 00:00:00'),
(165, 'MP', 'Northern Mariana Islands', 1, '0000-00-00 00:00:00', '0000-00-00 00:00:00'),
(166, 'NO', 'Norway', 1, '0000-00-00 00:00:00', '0000-00-00 00:00:00'),
(167, 'OM', 'Oman', 1, '0000-00-00 00:00:00', '0000-00-00 00:00:00'),
(168, 'PK', 'Pakistan', 1, '0000-00-00 00:00:00', '0000-00-00 00:00:00'),
(169, 'PW', 'Palau', 1, '0000-00-00 00:00:00', '0000-00-00 00:00:00'),
(170, 'PS', 'Palestine', 1, '0000-00-00 00:00:00', '0000-00-00 00:00:00'),
(171, 'PA', 'Panama', 1, '0000-00-00 00:00:00', '0000-00-00 00:00:00'),
(172, 'PG', 'Papua New Guinea', 1, '0000-00-00 00:00:00', '0000-00-00 00:00:00'),
(173, 'PY', 'Paraguay', 1, '0000-00-00 00:00:00', '0000-00-00 00:00:00'),
(174, 'PE', 'Peru', 1, '0000-00-00 00:00:00', '0000-00-00 00:00:00'),
(175, 'PH', 'Philippines', 1, '0000-00-00 00:00:00', '0000-00-00 00:00:00'),
(176, 'PN', 'Pitcairn', 1, '0000-00-00 00:00:00', '0000-00-00 00:00:00'),
(177, 'PL', 'Poland', 1, '0000-00-00 00:00:00', '0000-00-00 00:00:00'),
(178, 'PT', 'Portugal', 1, '0000-00-00 00:00:00', '0000-00-00 00:00:00'),
(179, 'PR', 'Puerto Rico', 1, '0000-00-00 00:00:00', '0000-00-00 00:00:00'),
(180, 'QA', 'Qatar', 1, '0000-00-00 00:00:00', '0000-00-00 00:00:00'),
(181, 'RE', 'Reunion', 1, '0000-00-00 00:00:00', '0000-00-00 00:00:00'),
(182, 'RO', 'Romania', 1, '0000-00-00 00:00:00', '0000-00-00 00:00:00'),
(183, 'RU', 'Russian Federation', 1, '0000-00-00 00:00:00', '0000-00-00 00:00:00'),
(184, 'RW', 'Rwanda', 1, '0000-00-00 00:00:00', '0000-00-00 00:00:00'),
(185, 'KN', 'Saint Kitts and Nevis', 1, '0000-00-00 00:00:00', '0000-00-00 00:00:00'),
(186, 'LC', 'Saint Lucia', 1, '0000-00-00 00:00:00', '0000-00-00 00:00:00'),
(187, 'VC', 'Saint Vincent and the Grenadines', 1, '0000-00-00 00:00:00', '0000-00-00 00:00:00'),
(188, 'WS', 'Samoa', 1, '0000-00-00 00:00:00', '0000-00-00 00:00:00'),
(189, 'SM', 'San Marino', 1, '0000-00-00 00:00:00', '0000-00-00 00:00:00'),
(190, 'ST', 'Sao Tome and Principe', 1, '0000-00-00 00:00:00', '0000-00-00 00:00:00'),
(191, 'SA', 'Saudi Arabia', 1, '0000-00-00 00:00:00', '0000-00-00 00:00:00'),
(192, 'SN', 'Senegal', 1, '0000-00-00 00:00:00', '0000-00-00 00:00:00'),
(193, 'RS', 'Serbia', 1, '0000-00-00 00:00:00', '0000-00-00 00:00:00'),
(194, 'SC', 'Seychelles', 1, '0000-00-00 00:00:00', '0000-00-00 00:00:00'),
(195, 'SL', 'Sierra Leone', 1, '0000-00-00 00:00:00', '0000-00-00 00:00:00'),
(196, 'SG', 'Singapore', 1, '0000-00-00 00:00:00', '0000-00-00 00:00:00'),
(197, 'SK', 'Slovakia', 1, '0000-00-00 00:00:00', '0000-00-00 00:00:00'),
(198, 'SI', 'Slovenia', 1, '0000-00-00 00:00:00', '0000-00-00 00:00:00'),
(199, 'SB', 'Solomon Islands', 1, '0000-00-00 00:00:00', '0000-00-00 00:00:00'),
(200, 'SO', 'Somalia', 1, '0000-00-00 00:00:00', '0000-00-00 00:00:00'),
(201, 'ZA', 'South Africa', 1, '0000-00-00 00:00:00', '0000-00-00 00:00:00'),
(202, 'GS', 'South Georgia South Sandwich Islands', 1, '0000-00-00 00:00:00', '0000-00-00 00:00:00'),
(203, 'SS', 'South Sudan', 1, '0000-00-00 00:00:00', '0000-00-00 00:00:00'),
(204, 'ES', 'Spain', 1, '0000-00-00 00:00:00', '0000-00-00 00:00:00'),
(205, 'LK', 'Sri Lanka', 1, '0000-00-00 00:00:00', '0000-00-00 00:00:00'),
(206, 'SH', 'St. Helena', 1, '0000-00-00 00:00:00', '0000-00-00 00:00:00'),
(207, 'PM', 'St. Pierre and Miquelon', 1, '0000-00-00 00:00:00', '0000-00-00 00:00:00'),
(208, 'SD', 'Sudan', 1, '0000-00-00 00:00:00', '0000-00-00 00:00:00'),
(209, 'SR', 'Suriname', 1, '0000-00-00 00:00:00', '0000-00-00 00:00:00'),
(210, 'SJ', 'Svalbard and Jan Mayen Islands', 1, '0000-00-00 00:00:00', '0000-00-00 00:00:00'),
(211, 'SZ', 'Eswatini', 1, '0000-00-00 00:00:00', '0000-00-00 00:00:00'),
(212, 'SE', 'Sweden', 1, '0000-00-00 00:00:00', '0000-00-00 00:00:00'),
(213, 'CH', 'Switzerland', 1, '0000-00-00 00:00:00', '0000-00-00 00:00:00'),
(214, 'SY', 'Syrian Arab Republic', 1, '0000-00-00 00:00:00', '0000-00-00 00:00:00'),
(215, 'TW', 'Taiwan', 1, '0000-00-00 00:00:00', '0000-00-00 00:00:00'),
(216, 'TJ', 'Tajikistan', 1, '0000-00-00 00:00:00', '0000-00-00 00:00:00'),
(217, 'TZ', 'Tanzania, United Republic of', 1, '0000-00-00 00:00:00', '0000-00-00 00:00:00'),
(218, 'TH', 'Thailand', 1, '0000-00-00 00:00:00', '0000-00-00 00:00:00'),
(219, 'TG', 'Togo', 1, '0000-00-00 00:00:00', '0000-00-00 00:00:00'),
(220, 'TK', 'Tokelau', 1, '0000-00-00 00:00:00', '0000-00-00 00:00:00'),
(221, 'TO', 'Tonga', 1, '0000-00-00 00:00:00', '0000-00-00 00:00:00'),
(222, 'TT', 'Trinidad and Tobago', 1, '0000-00-00 00:00:00', '0000-00-00 00:00:00'),
(223, 'TN', 'Tunisia', 1, '0000-00-00 00:00:00', '0000-00-00 00:00:00'),
(224, 'TR', 'Turkey', 1, '0000-00-00 00:00:00', '0000-00-00 00:00:00'),
(225, 'TM', 'Turkmenistan', 1, '0000-00-00 00:00:00', '0000-00-00 00:00:00'),
(226, 'TC', 'Turks and Caicos Islands', 1, '0000-00-00 00:00:00', '0000-00-00 00:00:00'),
(227, 'TV', 'Tuvalu', 1, '0000-00-00 00:00:00', '0000-00-00 00:00:00'),
(228, 'UG', 'Uganda', 1, '0000-00-00 00:00:00', '0000-00-00 00:00:00'),
(229, 'UA', 'Ukraine', 1, '0000-00-00 00:00:00', '0000-00-00 00:00:00'),
(230, 'AE', 'United Arab Emirates', 1, '0000-00-00 00:00:00', '0000-00-00 00:00:00'),
(231, 'GB', 'United Kingdom', 1, '0000-00-00 00:00:00', '0000-00-00 00:00:00'),
(232, 'US', 'United States', 1, '0000-00-00 00:00:00', '0000-00-00 00:00:00'),
(233, 'UM', 'United States minor outlying islands', 1, '0000-00-00 00:00:00', '0000-00-00 00:00:00'),
(234, 'UY', 'Uruguay', 1, '0000-00-00 00:00:00', '0000-00-00 00:00:00'),
(235, 'UZ', 'Uzbekistan', 1, '0000-00-00 00:00:00', '0000-00-00 00:00:00'),
(236, 'VU', 'Vanuatu', 1, '0000-00-00 00:00:00', '0000-00-00 00:00:00'),
(237, 'VA', 'Vatican City State', 1, '0000-00-00 00:00:00', '0000-00-00 00:00:00'),
(238, 'VE', 'Venezuela', 1, '0000-00-00 00:00:00', '0000-00-00 00:00:00'),
(239, 'VN', 'Vietnam', 1, '0000-00-00 00:00:00', '0000-00-00 00:00:00'),
(240, 'VG', 'Virgin Islands (British)', 1, '0000-00-00 00:00:00', '0000-00-00 00:00:00'),
(241, 'VI', 'Virgin Islands (U.S.)', 1, '0000-00-00 00:00:00', '0000-00-00 00:00:00'),
(242, 'WF', 'Wallis and Futuna Islands', 1, '0000-00-00 00:00:00', '0000-00-00 00:00:00'),
(243, 'EH', 'Western Sahara', 1, '0000-00-00 00:00:00', '0000-00-00 00:00:00'),
(244, 'YE', 'Yemen', 1, '0000-00-00 00:00:00', '0000-00-00 00:00:00'),
(245, 'ZM', 'Zambia', 1, '0000-00-00 00:00:00', '0000-00-00 00:00:00'),
(246, 'ZW', 'Zimbabwe', 1, '0000-00-00 00:00:00', '0000-00-00 00:00:00');

-- --------------------------------------------------------

--
-- Table structure for table `coupons`
--

CREATE TABLE `coupons` (
  `id` bigint(20) UNSIGNED NOT NULL,
  `vendor_id` int(11) NOT NULL,
  `coupon_option` varchar(255) COLLATE utf8mb4_unicode_ci NOT NULL,
  `coupon_code` varchar(255) COLLATE utf8mb4_unicode_ci NOT NULL,
  `categories` text COLLATE utf8mb4_unicode_ci NOT NULL,
  `brands` text COLLATE utf8mb4_unicode_ci NOT NULL,
  `users` text COLLATE utf8mb4_unicode_ci NOT NULL,
  `coupon_type` varchar(255) COLLATE utf8mb4_unicode_ci NOT NULL,
  `amount_type` varchar(255) COLLATE utf8mb4_unicode_ci NOT NULL,
  `amount` double(8,2) NOT NULL,
  `expiry_date` date NOT NULL,
  `status` tinyint(4) NOT NULL,
  `created_at` timestamp NULL DEFAULT NULL,
  `updated_at` timestamp NULL DEFAULT NULL
) ENGINE=InnoDB DEFAULT CHARSET=utf8mb4 COLLATE=utf8mb4_unicode_ci;

--
-- Dumping data for table `coupons`
--

INSERT INTO `coupons` (`id`, `vendor_id`, `coupon_option`, `coupon_code`, `categories`, `brands`, `users`, `coupon_type`, `amount_type`, `amount`, `expiry_date`, `status`, `created_at`, `updated_at`) VALUES
(8, 0, 'Automatic', '9EaxQdeE', '10', '10', 'angelo.firma@gmail.com', 'Single Time', 'Fixed', 100.00, '2023-09-15', 1, '2023-09-11 13:52:27', '2023-09-11 13:52:27'),
(9, 4, 'Automatic', 'Pn0Lgs0m', '10', '10', 'angelo.firma@gmail.com', 'Multiple Times', 'Percentage', 200.00, '2023-09-22', 1, '2023-09-11 16:10:22', '2023-09-11 16:10:22');

-- --------------------------------------------------------

--
-- Table structure for table `delivery_addresses`
--

CREATE TABLE `delivery_addresses` (
  `id` bigint(20) UNSIGNED NOT NULL,
  `user_id` int(11) NOT NULL,
  `name` varchar(255) COLLATE utf8mb4_unicode_ci NOT NULL,
  `address` varchar(255) COLLATE utf8mb4_unicode_ci NOT NULL,
  `city` varchar(255) COLLATE utf8mb4_unicode_ci NOT NULL,
  `state` varchar(255) COLLATE utf8mb4_unicode_ci NOT NULL,
  `country` varchar(255) COLLATE utf8mb4_unicode_ci NOT NULL,
  `pincode` varchar(255) COLLATE utf8mb4_unicode_ci NOT NULL,
  `mobile` varchar(255) COLLATE utf8mb4_unicode_ci NOT NULL,
  `status` tinyint(4) NOT NULL DEFAULT 1,
  `created_at` timestamp NULL DEFAULT NULL,
  `updated_at` timestamp NULL DEFAULT NULL
) ENGINE=InnoDB DEFAULT CHARSET=utf8mb4 COLLATE=utf8mb4_unicode_ci;

--
-- Dumping data for table `delivery_addresses`
--

INSERT INTO `delivery_addresses` (`id`, `user_id`, `name`, `address`, `city`, `state`, `country`, `pincode`, `mobile`, `status`, `created_at`, `updated_at`) VALUES
(11, 1, 'Angelo Firma', 'Bilaran', 'Nasugbu', 'Batangas', 'Philippines', '4231', '09091236541', 1, '2023-09-13 18:35:59', '2023-09-13 18:35:59'),
(12, 3, 'Juan Delacruz', 'Lumbangan', 'Nasugbu', 'Batangas', 'Philippines', '4231', '09915302130', 1, '2023-09-14 09:17:22', '2023-09-14 09:17:22'),
(13, 3, 'Juan Delacruz', 'Bilaran 2', 'Nasugbu', 'Batangas', 'Philippines', '4231', '09091236541', 1, '2023-09-14 09:18:17', '2023-09-14 09:18:17'),
(14, 5, 'Juan Delacruz', 'Lumbangan', 'Nasugbu', 'Batangas', 'Philippines', '1232', '12345678944', 1, '2023-09-14 11:15:01', '2023-09-14 11:15:01'),
(15, 1, 'test', 'test', 'test', 'test', 'Philippines', '1234', '12345678521', 1, '2023-11-16 01:12:25', '2023-11-16 01:12:25'),
(16, 6, 'Renz', 'Luntal', 'Nasugbu', 'Batangas', 'Philippines', '4231', '09482334425', 1, '2023-12-27 01:52:15', '2023-12-27 01:52:15'),
(17, 14, 'Lorren Perez', 'Bilaran Nasugbu Batangas', 'Nasugbu', 'Philippines', 'Philippines', '4321', '09274221512', 1, '2024-01-07 02:51:57', '2024-01-07 02:51:57'),
(18, 1, 'Angelo Firma', 'Dayap, Nasugbu, Batangas', 'Batangas', 'Philippines', 'Philippines', '4231', '09914710156', 1, '2024-01-07 04:13:36', '2024-01-07 04:13:36');

-- --------------------------------------------------------

--
-- Table structure for table `failed_jobs`
--

CREATE TABLE `failed_jobs` (
  `id` bigint(20) UNSIGNED NOT NULL,
  `uuid` varchar(255) COLLATE utf8mb4_unicode_ci NOT NULL,
  `connection` text COLLATE utf8mb4_unicode_ci NOT NULL,
  `queue` text COLLATE utf8mb4_unicode_ci NOT NULL,
  `payload` longtext COLLATE utf8mb4_unicode_ci NOT NULL,
  `exception` longtext COLLATE utf8mb4_unicode_ci NOT NULL,
  `failed_at` timestamp NOT NULL DEFAULT current_timestamp()
) ENGINE=InnoDB DEFAULT CHARSET=utf8mb4 COLLATE=utf8mb4_unicode_ci;

-- --------------------------------------------------------

--
-- Table structure for table `migrations`
--

CREATE TABLE `migrations` (
  `id` int(10) UNSIGNED NOT NULL,
  `migration` varchar(255) COLLATE utf8mb4_unicode_ci NOT NULL,
  `batch` int(11) NOT NULL
) ENGINE=InnoDB DEFAULT CHARSET=utf8mb4 COLLATE=utf8mb4_unicode_ci;

--
-- Dumping data for table `migrations`
--

INSERT INTO `migrations` (`id`, `migration`, `batch`) VALUES
(1, '2014_10_12_000000_create_users_table', 1),
(2, '2014_10_12_100000_create_password_resets_table', 1),
(3, '2019_08_19_000000_create_failed_jobs_table', 1),
(4, '2019_12_14_000001_create_personal_access_tokens_table', 1),
(5, '2022_08_09_172927_create_vendors_table', 1),
(6, '2022_08_09_175014_create_admins_table', 1),
(8, '2022_08_14_013126_create_vendors_business_details_table', 2),
(9, '2022_08_14_125705_create_vendors_bank_details', 3),
(10, '2022_08_14_125705_create_vendors_bank_details_table', 4),
(11, '2022_08_18_133204_create_sections_table', 4),
(12, '2022_08_20_154959_create_categories_table', 5),
(13, '2022_08_26_235606_create_brands_table', 6),
(14, '2022_08_28_003445_create_products_table', 7),
(15, '2022_09_06_163819_create_products_attributes_table', 8),
(16, '2022_09_17_195644_create_products_images_table', 9),
(17, '2022_09_24_150406_create_banners_table', 10),
(18, '2022_09_26_142845_update_banners_table', 11),
(19, '2022_09_27_134607_update_products_table', 12),
(20, '2022_10_02_142913_create_products_filters_table', 13),
(21, '2022_10_02_143716_create_products_filters_values_table', 14),
(22, '2022_11_02_215937_create_recently_viewed_products_table', 15),
(23, '2022_11_03_143550_create_carts_table', 16),
(24, '2022_11_09_144019_add_columns_to_users', 17),
(25, '2022_12_14_025719_create_coupons_table', 18),
(26, '2023_01_14_012938_create_delivery_addresses_table', 19),
(27, '2023_02_27_200827_create_orders_table', 20),
(28, '2023_02_27_201841_create_orders_products_table', 21),
(29, '2023_03_04_161126_create_order_statuses_table', 22),
(30, '2023_03_05_000428_create_order_item_statuses_table', 23),
(31, '2023_03_08_003018_create_orders_logs_table', 24),
(32, '2023_03_09_144122_update_orders_table', 25),
(33, '2023_03_09_235853_update_orders_products_table', 26),
(34, '2023_03_10_001719_update_orders_logs_table', 27),
(35, '2023_03_29_151313_create_payments_table', 28),
(36, '2023_04_01_140344_create_shipping_charges_table', 29),
(37, '2023_04_04_234905_drop_column_from_shipping_charges_table', 30),
(38, '2023_04_04_235424_add_columns_to_shipping_charges_table', 31),
(39, '2023_04_12_002719_create_cod_pincodes_table', 32),
(40, '2023_04_12_194813_create_prepaid_pincodes_table', 33),
(41, '2023_04_14_154108_add_commission_column_to_vendors_table', 34),
(42, '2023_04_16_211726_add_is_pushed_column_to_orders_table', 35),
(43, '2023_04_23_225334_add_api_token_column_to_users_table', 36),
(44, '2016_06_01_000001_create_oauth_auth_codes_table', 37),
(45, '2016_06_01_000002_create_oauth_access_tokens_table', 37),
(46, '2016_06_01_000003_create_oauth_refresh_tokens_table', 37),
(47, '2016_06_01_000004_create_oauth_clients_table', 37),
(48, '2016_06_01_000005_create_oauth_personal_access_clients_table', 37),
(49, '2023_04_23_225334_add_access_token_column_to_users_table', 38),
(50, '2023_05_26_233039_create_newsletter_subscribers_table', 38),
(51, '2023_07_05_112943_create_ratings_table', 39),
(52, '2019_10_18_084536_create_ac_messages_table', 40),
(53, '2019_10_18_084537_create_ac_profiles_table', 40),
(54, '2019_10_18_084538_create_ac_settings_table', 40),
(55, '2019_10_18_084539_create_ac_users_messages_table', 40);

-- --------------------------------------------------------

--
-- Table structure for table `newsletter_subscribers`
--

CREATE TABLE `newsletter_subscribers` (
  `id` bigint(20) UNSIGNED NOT NULL,
  `email` varchar(255) COLLATE utf8mb4_unicode_ci NOT NULL,
  `status` tinyint(4) NOT NULL,
  `created_at` timestamp NULL DEFAULT NULL,
  `updated_at` timestamp NULL DEFAULT NULL
) ENGINE=InnoDB DEFAULT CHARSET=utf8mb4 COLLATE=utf8mb4_unicode_ci;

-- --------------------------------------------------------

--
-- Table structure for table `oauth_access_tokens`
--

CREATE TABLE `oauth_access_tokens` (
  `id` varchar(100) COLLATE utf8mb4_unicode_ci NOT NULL,
  `user_id` bigint(20) UNSIGNED DEFAULT NULL,
  `client_id` bigint(20) UNSIGNED NOT NULL,
  `name` varchar(255) COLLATE utf8mb4_unicode_ci DEFAULT NULL,
  `scopes` text COLLATE utf8mb4_unicode_ci DEFAULT NULL,
  `revoked` tinyint(1) NOT NULL,
  `created_at` timestamp NULL DEFAULT NULL,
  `updated_at` timestamp NULL DEFAULT NULL,
  `expires_at` datetime DEFAULT NULL
) ENGINE=InnoDB DEFAULT CHARSET=utf8mb4 COLLATE=utf8mb4_unicode_ci;

-- --------------------------------------------------------

--
-- Table structure for table `oauth_auth_codes`
--

CREATE TABLE `oauth_auth_codes` (
  `id` varchar(100) COLLATE utf8mb4_unicode_ci NOT NULL,
  `user_id` bigint(20) UNSIGNED NOT NULL,
  `client_id` bigint(20) UNSIGNED NOT NULL,
  `scopes` text COLLATE utf8mb4_unicode_ci DEFAULT NULL,
  `revoked` tinyint(1) NOT NULL,
  `expires_at` datetime DEFAULT NULL
) ENGINE=InnoDB DEFAULT CHARSET=utf8mb4 COLLATE=utf8mb4_unicode_ci;

-- --------------------------------------------------------

--
-- Table structure for table `oauth_clients`
--

CREATE TABLE `oauth_clients` (
  `id` bigint(20) UNSIGNED NOT NULL,
  `user_id` bigint(20) UNSIGNED DEFAULT NULL,
  `name` varchar(255) COLLATE utf8mb4_unicode_ci NOT NULL,
  `secret` varchar(100) COLLATE utf8mb4_unicode_ci DEFAULT NULL,
  `provider` varchar(255) COLLATE utf8mb4_unicode_ci DEFAULT NULL,
  `redirect` text COLLATE utf8mb4_unicode_ci NOT NULL,
  `personal_access_client` tinyint(1) NOT NULL,
  `password_client` tinyint(1) NOT NULL,
  `revoked` tinyint(1) NOT NULL,
  `created_at` timestamp NULL DEFAULT NULL,
  `updated_at` timestamp NULL DEFAULT NULL
) ENGINE=InnoDB DEFAULT CHARSET=utf8mb4 COLLATE=utf8mb4_unicode_ci;

-- --------------------------------------------------------

--
-- Table structure for table `oauth_personal_access_clients`
--

CREATE TABLE `oauth_personal_access_clients` (
  `id` bigint(20) UNSIGNED NOT NULL,
  `client_id` bigint(20) UNSIGNED NOT NULL,
  `created_at` timestamp NULL DEFAULT NULL,
  `updated_at` timestamp NULL DEFAULT NULL
) ENGINE=InnoDB DEFAULT CHARSET=utf8mb4 COLLATE=utf8mb4_unicode_ci;

--
-- Dumping data for table `oauth_personal_access_clients`
--

INSERT INTO `oauth_personal_access_clients` (`id`, `client_id`, `created_at`, `updated_at`) VALUES
(1, 1, '2023-04-29 21:21:51', '2023-04-29 21:21:51');

-- --------------------------------------------------------

--
-- Table structure for table `oauth_refresh_tokens`
--

CREATE TABLE `oauth_refresh_tokens` (
  `id` varchar(100) COLLATE utf8mb4_unicode_ci NOT NULL,
  `access_token_id` varchar(100) COLLATE utf8mb4_unicode_ci NOT NULL,
  `revoked` tinyint(1) NOT NULL,
  `expires_at` datetime DEFAULT NULL
) ENGINE=InnoDB DEFAULT CHARSET=utf8mb4 COLLATE=utf8mb4_unicode_ci;

-- --------------------------------------------------------

--
-- Table structure for table `orders`
--

CREATE TABLE `orders` (
  `id` bigint(20) UNSIGNED NOT NULL,
  `user_id` int(11) NOT NULL,
  `name` varchar(255) COLLATE utf8mb4_unicode_ci NOT NULL,
  `address` varchar(255) COLLATE utf8mb4_unicode_ci NOT NULL,
  `city` varchar(255) COLLATE utf8mb4_unicode_ci NOT NULL,
  `state` varchar(255) COLLATE utf8mb4_unicode_ci NOT NULL,
  `country` varchar(255) COLLATE utf8mb4_unicode_ci NOT NULL,
  `pincode` varchar(255) COLLATE utf8mb4_unicode_ci NOT NULL,
  `mobile` varchar(255) COLLATE utf8mb4_unicode_ci NOT NULL,
  `email` varchar(255) COLLATE utf8mb4_unicode_ci NOT NULL,
  `shipping_charges` double(8,2) NOT NULL,
  `coupon_code` varchar(255) COLLATE utf8mb4_unicode_ci DEFAULT NULL,
  `coupon_amount` double(8,2) DEFAULT NULL,
  `order_status` varchar(255) COLLATE utf8mb4_unicode_ci NOT NULL,
  `payment_method` varchar(255) COLLATE utf8mb4_unicode_ci NOT NULL,
  `payment_gateway` varchar(255) COLLATE utf8mb4_unicode_ci NOT NULL,
  `grand_total` double(8,2) NOT NULL,
  `courier_name` varchar(255) COLLATE utf8mb4_unicode_ci DEFAULT NULL,
  `tracking_number` varchar(255) COLLATE utf8mb4_unicode_ci DEFAULT NULL,
  `is_pushed` tinyint(4) NOT NULL DEFAULT 0 COMMENT 'Order pushed to Shiprocket or NOT',
  `event_date` varchar(50) COLLATE utf8mb4_unicode_ci DEFAULT NULL,
  `event_time` varchar(50) COLLATE utf8mb4_unicode_ci DEFAULT NULL,
  `created_at` timestamp NULL DEFAULT NULL,
  `updated_at` timestamp NULL DEFAULT NULL
) ENGINE=InnoDB DEFAULT CHARSET=utf8mb4 COLLATE=utf8mb4_unicode_ci;

--
-- Dumping data for table `orders`
--

INSERT INTO `orders` (`id`, `user_id`, `name`, `address`, `city`, `state`, `country`, `pincode`, `mobile`, `email`, `shipping_charges`, `coupon_code`, `coupon_amount`, `order_status`, `payment_method`, `payment_gateway`, `grand_total`, `courier_name`, `tracking_number`, `is_pushed`, `event_date`, `event_time`, `created_at`, `updated_at`) VALUES
(5, 5, 'Juan Delacruz', 'Lumbangan', 'Nasugbu', 'Batangas', 'Philippines', '1232', '12345678944', 'juan@gmail.com', 0.00, NULL, NULL, 'Approved', 'COD', 'COD', 95000.00, NULL, NULL, 0, '2023-12-17', '13:00', '2023-09-14 11:15:10', '2023-11-15 10:31:18'),
(6, 1, 'Angelo Firma', 'Bilaran', 'Nasugbu', 'Batangas', 'Philippines', '4231', '09091236541', 'angelo.firma@gmail.com', 0.00, NULL, NULL, 'Approved', 'COD', 'COD', 180270.00, NULL, NULL, 0, NULL, NULL, '2023-10-18 22:29:31', '2023-11-16 00:04:12'),
(9, 1, 'Angelo Firma', 'Bilaran', 'Nasugbu', 'Batangas', 'Philippines', '4231', '09091236541', 'angelo.firma@gmail.com', 0.00, NULL, NULL, 'New', 'COD', 'COD', 95000.00, NULL, NULL, 0, NULL, NULL, '2023-11-15 23:59:09', '2023-11-15 23:59:09'),
(10, 1, 'Angelo Firma', 'Bilaran', 'Nasugbu', 'Batangas', 'Philippines', '4231', '09091236541', 'angelo.firma@gmail.com', 0.00, NULL, NULL, 'New', 'COD', 'COD', 135.00, NULL, NULL, 0, NULL, NULL, '2023-11-16 00:39:13', '2023-11-16 00:39:13'),
(11, 1, 'Angelo Firma', 'Bilaran', 'Nasugbu', 'Batangas', 'Philippines', '4231', '09091236541', 'angelo.firma@gmail.com', 0.00, NULL, NULL, 'New', 'COD', 'COD', 90000.00, NULL, NULL, 0, NULL, NULL, '2023-12-01 00:40:05', '2023-11-16 00:40:05'),
(12, 1, 'Angelo Firma', 'Bilaran', 'Nasugbu', 'Batangas', 'Philippines', '4231', '09091236541', 'angelo.firma@gmail.com', 0.00, NULL, NULL, 'Pending', 'Prepaid', 'gcash', 877500.00, NULL, NULL, 0, NULL, NULL, '2023-12-09 15:43:44', '2023-12-09 15:43:44'),
(13, 1, 'test', 'test', 'test', 'test', 'Philippines', '1234', '12345678521', 'angelo.firma@gmail.com', 0.00, NULL, NULL, 'New', 'COD', 'COD', 90000.00, NULL, NULL, 0, NULL, NULL, '2023-12-27 01:59:02', '2023-12-27 01:59:02'),
(14, 6, 'Renz', 'Luntal', 'Nasugbu', 'Batangas', 'Philippines', '4231', '09482334425', 'cebedarenzemmanuellec@gmail.com', 0.00, NULL, NULL, 'New', 'COD', 'COD', 90000.00, NULL, NULL, 0, NULL, NULL, '2023-12-27 02:09:39', '2023-12-27 02:09:39'),
(15, 6, 'Renz', 'Luntal', 'Nasugbu', 'Batangas', 'Philippines', '4231', '09482334425', 'cebedarenzemmanuellec@gmail.com', 0.00, NULL, NULL, 'New', 'COD', 'COD', 67500.00, NULL, NULL, 0, NULL, NULL, '2023-12-27 03:03:54', '2023-12-27 03:03:54'),
(16, 1, 'Angelo Firma', 'Bilaran', 'Nasugbu', 'Batangas', 'Philippines', '4231', '09091236541', 'angelo.firma@gmail.com', 0.00, NULL, NULL, 'New', 'COD', 'COD', 945.00, NULL, NULL, 0, NULL, NULL, '2023-12-27 03:32:10', '2023-12-27 03:32:10'),
(17, 14, 'Lorren Perez', 'Bilaran Nasugbu Batangas', 'Nasugbu', 'Philippines', 'Philippines', '4321', '09274221512', 'lorrenperez8@gmail.com', 0.00, NULL, NULL, 'Pending', 'Prepaid', 'GCASH', 270.00, NULL, NULL, 0, NULL, NULL, '2024-01-07 02:52:16', '2024-01-07 02:52:16'),
(18, 14, 'Lorren Perez', 'Bilaran Nasugbu Batangas', 'Nasugbu', 'Philippines', 'Philippines', '4321', '09274221512', 'lorrenperez8@gmail.com', 0.00, NULL, NULL, 'Pending', 'Prepaid', 'GCASH', 19000.00, NULL, NULL, 0, NULL, NULL, '2024-01-07 03:03:33', '2024-01-07 03:03:33'),
(19, 14, 'Lorren Perez', 'Bilaran Nasugbu Batangas', 'Nasugbu', 'Philippines', 'Philippines', '4321', '09274221512', 'lorrenperez8@gmail.com', 0.00, NULL, NULL, 'Pending', 'Prepaid', 'GCASH', 95000.00, NULL, NULL, 0, NULL, NULL, '2024-01-07 03:15:55', '2024-01-07 03:15:55'),
(20, 1, 'Angelo Firma', 'Dayap, Nasugbu, Batangas', 'Batangas', 'Philippines', 'Philippines', '4231', '09914710156', 'angelo.firma@gmail.com', 0.00, NULL, NULL, 'Pending', 'Prepaid', 'GCASH', 270.00, NULL, NULL, 0, NULL, NULL, '2024-01-07 04:13:52', '2024-01-07 04:13:52'),
(21, 6, 'Renz', 'Luntal', 'Nasugbu', 'Batangas', 'Philippines', '4231', '09482334425', 'cebedarenzemmanuellec@gmail.com', 0.00, NULL, NULL, 'Pending', 'Prepaid', 'GCASH', 162500.00, NULL, NULL, 0, NULL, NULL, '2024-01-07 04:19:00', '2024-01-07 04:19:00'),
(22, 6, 'Renz', 'Luntal', 'Nasugbu', 'Batangas', 'Philippines', '4231', '09482334425', 'cebedarenzemmanuellec@gmail.com', 0.00, NULL, NULL, 'New', 'COD', 'COD', 67500.00, NULL, NULL, 0, NULL, NULL, '2024-01-07 04:20:15', '2024-01-07 04:20:15'),
(23, 1, 'Angelo Firma', 'Dayap, Nasugbu, Batangas', 'Batangas', 'Philippines', 'Philippines', '4231', '09914710156', 'angelo.firma@gmail.com', 0.00, NULL, NULL, 'Pending', 'Prepaid', 'GCASH', 90000.00, NULL, NULL, 0, NULL, NULL, '2024-01-07 04:34:11', '2024-01-07 04:34:11'),
(24, 6, 'Renz', 'Luntal', 'Nasugbu', 'Batangas', 'Philippines', '4231', '09482334425', 'cebedarenzemmanuellec@gmail.com', 0.00, NULL, NULL, 'Pending', 'Prepaid', 'GCASH', 90000.00, NULL, NULL, 0, NULL, NULL, '2024-01-06 20:57:28', '2024-01-06 20:57:28'),
(25, 6, 'Renz', 'Luntal', 'Nasugbu', 'Batangas', 'Philippines', '4231', '09482334425', 'cebedarenzemmanuellec@gmail.com', 0.00, NULL, NULL, 'New', 'COD', 'COD', 67500.00, NULL, NULL, 0, NULL, NULL, '2024-01-09 02:24:42', '2024-01-09 02:24:42'),
(26, 6, 'Renz', 'Luntal', 'Nasugbu', 'Batangas', 'Philippines', '4231', '09482334425', 'cebedarenzemmanuellec@gmail.com', 0.00, NULL, NULL, 'New', 'COD', 'COD', 215000.00, NULL, NULL, 0, NULL, NULL, '2024-01-15 23:39:12', '2024-01-15 23:39:12');

-- --------------------------------------------------------

--
-- Table structure for table `orders_logs`
--

CREATE TABLE `orders_logs` (
  `id` bigint(20) UNSIGNED NOT NULL,
  `order_id` int(11) NOT NULL,
  `order_item_id` int(11) DEFAULT NULL,
  `order_status` varchar(255) COLLATE utf8mb4_unicode_ci NOT NULL,
  `created_at` timestamp NULL DEFAULT NULL,
  `updated_at` timestamp NULL DEFAULT NULL
) ENGINE=InnoDB DEFAULT CHARSET=utf8mb4 COLLATE=utf8mb4_unicode_ci;

--
-- Dumping data for table `orders_logs`
--

INSERT INTO `orders_logs` (`id`, `order_id`, `order_item_id`, `order_status`, `created_at`, `updated_at`) VALUES
(1, 5, NULL, 'Approved', '2023-11-15 10:31:18', '2023-11-15 10:31:18'),
(2, 6, NULL, 'Approved', '2023-11-16 00:04:12', '2023-11-16 00:04:12');

-- --------------------------------------------------------

--
-- Table structure for table `orders_products`
--

CREATE TABLE `orders_products` (
  `id` bigint(20) UNSIGNED NOT NULL,
  `order_id` int(11) NOT NULL,
  `user_id` int(11) NOT NULL,
  `vendor_id` int(11) NOT NULL,
  `admin_id` int(11) NOT NULL,
  `product_id` int(11) NOT NULL,
  `product_code` varchar(255) COLLATE utf8mb4_unicode_ci NOT NULL,
  `product_name` varchar(255) COLLATE utf8mb4_unicode_ci NOT NULL,
  `product_color` varchar(255) COLLATE utf8mb4_unicode_ci NOT NULL,
  `product_size` varchar(255) COLLATE utf8mb4_unicode_ci NOT NULL,
  `product_price` double(8,2) NOT NULL,
  `product_qty` int(11) NOT NULL,
  `item_status` varchar(255) COLLATE utf8mb4_unicode_ci DEFAULT NULL,
  `courier_name` varchar(255) COLLATE utf8mb4_unicode_ci DEFAULT NULL,
  `tracking_number` varchar(255) COLLATE utf8mb4_unicode_ci DEFAULT NULL,
  `commission` float DEFAULT NULL,
  `event_date` varchar(50) COLLATE utf8mb4_unicode_ci DEFAULT NULL,
  `event_time` varchar(50) COLLATE utf8mb4_unicode_ci DEFAULT NULL,
  `created_at` timestamp NULL DEFAULT NULL,
  `updated_at` timestamp NULL DEFAULT NULL
) ENGINE=InnoDB DEFAULT CHARSET=utf8mb4 COLLATE=utf8mb4_unicode_ci;

--
-- Dumping data for table `orders_products`
--

INSERT INTO `orders_products` (`id`, `order_id`, `user_id`, `vendor_id`, `admin_id`, `product_id`, `product_code`, `product_name`, `product_color`, `product_size`, `product_price`, `product_qty`, `item_status`, `courier_name`, `tracking_number`, `commission`, `event_date`, `event_time`, `created_at`, `updated_at`) VALUES
(5, 5, 5, 4, 1, 4, 'Corp1', 'Corporate 1st Design', 'Red White', '500', 95000.00, 2, NULL, NULL, NULL, NULL, NULL, NULL, '2023-09-14 11:15:10', '2023-09-14 11:15:10'),
(6, 6, 1, 4, 10, 4, 'Bagons123', 'Bagons 1', 'Green', '200', 90000.00, 1, NULL, NULL, NULL, NULL, NULL, NULL, '2023-11-15 22:29:31', '2023-11-15 22:29:31'),
(7, 6, 1, 4, 10, 4, 'Bagons123', 'Bagons 1', 'Green', '200', 90000.00, 1, NULL, NULL, NULL, NULL, NULL, NULL, '2023-11-30 22:29:31', '2023-11-15 22:29:31'),
(8, 6, 1, 0, 1, 5, '23', 'Tables', 'red', '30', 135.00, 1, NULL, NULL, NULL, NULL, NULL, NULL, '2023-11-15 22:29:31', '2023-11-15 22:29:31'),
(9, 6, 1, 0, 1, 5, '23', 'Tables', 'red', '30', 135.00, 1, NULL, NULL, NULL, NULL, NULL, NULL, '2023-10-15 22:29:31', '2023-11-15 22:29:31'),
(10, 9, 1, 0, 1, 3, 'Corp1', 'Corporate 1st Design', 'Red White', '500', 95000.00, 1, NULL, NULL, NULL, NULL, '2023-11-17', '15:38', '2023-11-15 23:59:09', '2023-11-15 23:59:09'),
(11, 10, 1, 0, 1, 5, '23', 'Tables', 'red', '30', 135.00, 1, NULL, NULL, NULL, NULL, '2023-11-17', '17:00', '2023-11-16 00:39:13', '2023-11-16 00:39:13'),
(12, 11, 1, 4, 10, 4, 'Bagons123', 'Bagons 1', 'Green', '200', 90000.00, 1, NULL, NULL, NULL, NULL, '2023-11-20', '17:39', '2023-11-16 00:40:05', '2023-11-16 00:40:05'),
(13, 12, 1, 4, 10, 4, 'Bagons123', 'Bagons 1', 'Green', '150', 67500.00, 2, NULL, NULL, NULL, NULL, '2023-12-05', '14:29', '2023-12-09 15:43:44', '2023-12-09 15:43:44'),
(14, 12, 1, 4, 10, 4, 'Bagons123', 'Bagons 1', 'Green', '150', 67500.00, 6, NULL, NULL, NULL, NULL, '2023-12-05', '14:15', '2023-12-09 15:43:44', '2023-12-09 15:43:44'),
(15, 12, 1, 4, 10, 4, 'Bagons123', 'Bagons 1', 'Green', '200', 90000.00, 2, NULL, NULL, NULL, NULL, '2023-12-05', '14:13', '2023-12-09 15:43:44', '2023-12-09 15:43:44'),
(16, 12, 1, 4, 10, 4, 'Bagons123', 'Bagons 1', 'Green', '150', 67500.00, 1, NULL, NULL, NULL, NULL, '2023-12-13', '13:46', '2023-12-09 15:43:44', '2023-12-09 15:43:44'),
(17, 12, 1, 4, 10, 4, 'Bagons123', 'Bagons 1', 'Green', '200', 90000.00, 1, NULL, NULL, NULL, NULL, '2023-11-17', '16:55', '2023-12-09 15:43:44', '2023-12-09 15:43:44'),
(18, 13, 1, 4, 10, 4, 'Bagons123', 'Bagons 1', 'Green', '200', 90000.00, 1, NULL, NULL, NULL, NULL, '2023-12-11', '07:46', '2023-12-27 01:59:02', '2023-12-27 01:59:02'),
(19, 14, 6, 4, 10, 4, 'Bagons123', 'Bagons 1', 'Green', '200', 90000.00, 1, NULL, NULL, NULL, NULL, '2023-12-31', '00:00', '2023-12-27 02:09:39', '2023-12-27 02:09:39'),
(20, 15, 6, 4, 10, 4, 'Bagons123', 'Bagons 1', 'Green', '150', 67500.00, 1, NULL, NULL, NULL, NULL, '2023-12-28', '00:00', '2023-12-27 03:03:54', '2023-12-27 03:03:54'),
(21, 16, 1, 0, 1, 5, '23', 'Tables', 'red', '30', 135.00, 7, NULL, NULL, NULL, NULL, '2023-12-28', '09:59', '2023-12-27 03:32:10', '2023-12-27 03:32:10'),
(22, 17, 14, 0, 1, 5, '23', 'Tables', 'red', '30', 135.00, 2, NULL, NULL, NULL, NULL, '2024-01-03', '10:00', '2024-01-07 02:52:16', '2024-01-07 02:52:16'),
(23, 18, 14, 0, 1, 2, '1234', 'Setup 1', 'Pink', '100', 19000.00, 1, NULL, NULL, NULL, NULL, '2024-01-01', '22:00', '2024-01-07 03:03:33', '2024-01-07 03:03:33'),
(24, 19, 14, 0, 1, 3, 'Corp1', 'Corporate 1st Design', 'Red White', '500', 95000.00, 1, NULL, NULL, NULL, NULL, '2023-01-01', '22:00', '2024-01-07 03:15:55', '2024-01-07 03:15:55'),
(25, 20, 1, 0, 1, 5, '23', 'Tables', 'red', '30', 135.00, 1, NULL, NULL, NULL, NULL, '2024-01-17', '12:10', '2024-01-07 04:13:52', '2024-01-07 04:13:52'),
(26, 20, 1, 0, 1, 5, '23', 'Tables', 'red', '30', 135.00, 1, NULL, NULL, NULL, NULL, '2023-12-28', '14:52', '2024-01-07 04:13:52', '2024-01-07 04:13:52'),
(27, 21, 6, 4, 10, 4, 'Bagons123', 'Bagons 1', 'Green', '150', 67500.00, 1, NULL, NULL, NULL, NULL, '2023-12-29', '17:53', '2024-01-07 04:19:00', '2024-01-07 04:19:00'),
(28, 21, 6, 0, 1, 3, 'Corp1', 'Corporate 1st Design', 'Red White', '500', 95000.00, 1, NULL, NULL, NULL, NULL, '2023-12-29', '17:52', '2024-01-07 04:19:00', '2024-01-07 04:19:00'),
(29, 22, 6, 4, 10, 4, 'Bagons123', 'Bagons 1', 'Green', '150', 67500.00, 1, NULL, NULL, NULL, NULL, '2024-01-24', '13:20', '2024-01-07 04:20:15', '2024-01-07 04:20:15'),
(30, 23, 1, 4, 10, 4, 'Bagons123', 'Bagons 1', 'Green', '200', 90000.00, 1, NULL, NULL, NULL, NULL, '2024-01-09', '12:33', '2024-01-07 04:34:11', '2024-01-07 04:34:11'),
(31, 24, 6, 4, 10, 4, 'Bagons123', 'Bagons 1', 'Green', '200', 90000.00, 1, NULL, NULL, NULL, NULL, '2024-01-24', '13:57', '2024-01-06 20:57:28', '2024-01-06 20:57:28'),
(32, 25, 6, 4, 10, 4, 'Bagons123', 'Bagons 1', 'Green', '150', 67500.00, 1, NULL, NULL, NULL, NULL, '2024-01-10', '15:18', '2024-01-09 02:24:42', '2024-01-09 02:24:42'),
(33, 26, 6, 4, 10, 4, 'Bagons123', 'Bagons 1', 'Green', '200', 90000.00, 2, NULL, NULL, NULL, NULL, '2024-01-26', '18:38', '2024-01-15 23:39:12', '2024-01-15 23:39:12'),
(34, 26, 6, 4, 10, 23, 'ABE_MN', 'Media Noche SetUp', 'None', '100', 35000.00, 1, NULL, NULL, NULL, NULL, '2024-01-17', '16:37', '2024-01-15 23:39:12', '2024-01-15 23:39:12');

-- --------------------------------------------------------

--
-- Table structure for table `order_addons`
--

CREATE TABLE `order_addons` (
  `id` int(11) NOT NULL,
  `user_id` int(11) NOT NULL,
  `product_id` int(11) NOT NULL,
  `vendor_id` int(11) DEFAULT NULL,
  `order_id` int(11) DEFAULT NULL,
  `addon_id` int(11) NOT NULL,
  `qty` int(11) NOT NULL,
  `amount` int(11) NOT NULL,
  `created_at` timestamp NOT NULL DEFAULT current_timestamp() ON UPDATE current_timestamp(),
  `updated_at` timestamp NOT NULL DEFAULT current_timestamp() ON UPDATE current_timestamp(),
  `deleted_at` timestamp NOT NULL DEFAULT current_timestamp() ON UPDATE current_timestamp()
) ENGINE=InnoDB DEFAULT CHARSET=utf8mb4;

--
-- Dumping data for table `order_addons`
--

INSERT INTO `order_addons` (`id`, `user_id`, `product_id`, `vendor_id`, `order_id`, `addon_id`, `qty`, `amount`, `created_at`, `updated_at`, `deleted_at`) VALUES
(29, 1, 4, NULL, NULL, 15, 1, 400, '2023-12-09 23:45:35', '2023-12-09 23:45:35', '2023-12-09 23:45:35'),
(30, 1, 4, NULL, NULL, 15, 1, 400, '2023-12-09 23:45:35', '2023-12-09 23:45:35', '2023-12-09 23:45:35'),
(31, 1, 4, NULL, NULL, 15, 1, 400, '2023-12-09 23:45:35', '2023-12-09 23:45:35', '2023-12-09 23:45:35'),
(32, 1, 4, NULL, NULL, 15, 1, 400, '2023-12-09 23:45:35', '2023-12-09 23:45:35', '2023-12-09 23:45:35'),
(33, 1, 4, NULL, NULL, 15, 1, 400, '2023-12-09 23:45:35', '2023-12-09 23:45:35', '2023-12-09 23:45:35'),
(34, 1, 4, NULL, NULL, 15, 1, 400, '2023-12-09 23:45:35', '2023-12-09 23:45:35', '2023-12-09 23:45:35'),
(35, 1, 4, NULL, NULL, 15, 1, 400, '2023-12-09 23:45:35', '2023-12-09 23:45:35', '2023-12-09 23:45:35'),
(36, 1, 4, NULL, NULL, 15, 1, 400, '2023-12-09 23:45:35', '2023-12-09 23:45:35', '2023-12-09 23:45:35'),
(37, 1, 4, NULL, NULL, 15, 1, 400, '2023-12-09 23:45:35', '2023-12-09 23:45:35', '2023-12-09 23:45:35'),
(38, 6, 4, NULL, NULL, 15, 13, 5200, '2023-12-27 01:47:40', '2023-12-27 01:47:40', '2023-12-27 01:47:40'),
(39, 6, 4, NULL, NULL, 15, 13, 5200, '2023-12-27 01:47:40', '2023-12-27 01:47:40', '2023-12-27 01:47:40'),
(40, 6, 4, NULL, NULL, 15, 13, 5200, '2023-12-27 01:47:40', '2023-12-27 01:47:40', '2023-12-27 01:47:40'),
(41, 6, 4, NULL, NULL, 15, 13, 5200, '2023-12-27 01:47:40', '2023-12-27 01:47:40', '2023-12-27 01:47:40'),
(42, 6, 4, NULL, NULL, 15, 13, 5200, '2023-12-27 01:47:40', '2023-12-27 01:47:40', '2023-12-27 01:47:40'),
(43, 6, 4, NULL, NULL, 15, 13, 5200, '2023-12-27 01:47:40', '2023-12-27 01:47:40', '2023-12-27 01:47:40'),
(44, 6, 4, NULL, NULL, 15, 13, 5200, '2023-12-27 01:47:40', '2023-12-27 01:47:40', '2023-12-27 01:47:40'),
(45, 6, 4, NULL, NULL, 15, 13, 5200, '2023-12-27 01:47:40', '2023-12-27 01:47:40', '2023-12-27 01:47:40'),
(46, 6, 4, NULL, NULL, 15, 13, 5200, '2023-12-27 01:47:40', '2023-12-27 01:47:40', '2023-12-27 01:47:40'),
(47, 6, 4, NULL, NULL, 15, 13, 5200, '2023-12-27 03:02:57', '2023-12-27 03:02:57', '2023-12-27 03:02:57'),
(48, 6, 4, NULL, NULL, 15, 13, 5200, '2023-12-27 03:02:57', '2023-12-27 03:02:57', '2023-12-27 03:02:57'),
(49, 6, 4, NULL, NULL, 15, 13, 5200, '2023-12-27 03:02:57', '2023-12-27 03:02:57', '2023-12-27 03:02:57'),
(50, 6, 4, NULL, NULL, 15, 13, 5200, '2023-12-27 03:02:57', '2023-12-27 03:02:57', '2023-12-27 03:02:57'),
(51, 6, 4, NULL, NULL, 15, 13, 5200, '2023-12-27 03:02:57', '2023-12-27 03:02:57', '2023-12-27 03:02:57'),
(52, 6, 4, NULL, NULL, 15, 13, 5200, '2023-12-27 03:02:57', '2023-12-27 03:02:57', '2023-12-27 03:02:57'),
(53, 6, 4, NULL, NULL, 15, 13, 5200, '2023-12-27 03:02:57', '2023-12-27 03:02:57', '2023-12-27 03:02:57'),
(54, 6, 4, NULL, NULL, 15, 13, 5200, '2023-12-27 03:02:57', '2023-12-27 03:02:57', '2023-12-27 03:02:57'),
(55, 6, 4, NULL, NULL, 15, 13, 5200, '2023-12-27 03:02:57', '2023-12-27 03:02:57', '2023-12-27 03:02:57'),
(56, 6, 4, NULL, NULL, 15, 14, 5600, '2023-12-27 06:53:17', '2023-12-27 06:53:17', '2023-12-27 06:53:17'),
(57, 6, 4, NULL, NULL, 15, 14, 5600, '2023-12-27 06:53:17', '2023-12-27 06:53:17', '2023-12-27 06:53:17'),
(58, 6, 4, NULL, NULL, 15, 14, 5600, '2023-12-27 06:53:17', '2023-12-27 06:53:17', '2023-12-27 06:53:17'),
(59, 6, 4, NULL, NULL, 15, 14, 5600, '2023-12-27 06:53:17', '2023-12-27 06:53:17', '2023-12-27 06:53:17'),
(60, 6, 4, NULL, NULL, 15, 14, 5600, '2023-12-27 06:53:17', '2023-12-27 06:53:17', '2023-12-27 06:53:17'),
(61, 6, 4, NULL, NULL, 15, 14, 5600, '2023-12-27 06:53:17', '2023-12-27 06:53:17', '2023-12-27 06:53:17'),
(62, 6, 4, NULL, NULL, 15, 14, 5600, '2023-12-27 06:53:17', '2023-12-27 06:53:17', '2023-12-27 06:53:17'),
(63, 6, 4, NULL, NULL, 15, 14, 5600, '2023-12-27 06:53:17', '2023-12-27 06:53:17', '2023-12-27 06:53:17'),
(64, 6, 4, NULL, NULL, 15, 14, 5600, '2023-12-27 06:53:17', '2023-12-27 06:53:17', '2023-12-27 06:53:17'),
(65, 6, 4, NULL, NULL, 15, 1, 400, '2024-01-07 04:20:03', '2024-01-07 04:20:03', '2024-01-07 04:20:03'),
(66, 6, 4, NULL, NULL, 15, 1, 400, '2024-01-07 04:20:03', '2024-01-07 04:20:03', '2024-01-07 04:20:03'),
(67, 6, 4, NULL, NULL, 15, 1, 400, '2024-01-07 04:20:03', '2024-01-07 04:20:03', '2024-01-07 04:20:03'),
(68, 6, 4, NULL, NULL, 15, 1, 400, '2024-01-07 04:20:03', '2024-01-07 04:20:03', '2024-01-07 04:20:03'),
(69, 6, 4, NULL, NULL, 15, 1, 400, '2024-01-07 04:20:03', '2024-01-07 04:20:03', '2024-01-07 04:20:03'),
(70, 6, 4, NULL, NULL, 15, 1, 400, '2024-01-07 04:20:03', '2024-01-07 04:20:03', '2024-01-07 04:20:03'),
(71, 6, 4, NULL, NULL, 15, 1, 400, '2024-01-07 04:20:03', '2024-01-07 04:20:03', '2024-01-07 04:20:03'),
(72, 6, 4, NULL, NULL, 15, 1, 400, '2024-01-07 04:20:03', '2024-01-07 04:20:03', '2024-01-07 04:20:03'),
(73, 6, 4, NULL, NULL, 15, 1, 400, '2024-01-07 04:20:03', '2024-01-07 04:20:03', '2024-01-07 04:20:03'),
(74, 1, 4, NULL, NULL, 15, 2, 800, '2024-01-07 04:33:51', '2024-01-07 04:33:51', '2024-01-07 04:33:51'),
(75, 1, 4, NULL, NULL, 15, 2, 800, '2024-01-07 04:33:51', '2024-01-07 04:33:51', '2024-01-07 04:33:51'),
(76, 1, 4, NULL, NULL, 15, 2, 800, '2024-01-07 04:33:51', '2024-01-07 04:33:51', '2024-01-07 04:33:51'),
(77, 1, 4, NULL, NULL, 15, 2, 800, '2024-01-07 04:33:51', '2024-01-07 04:33:51', '2024-01-07 04:33:51'),
(78, 1, 4, NULL, NULL, 15, 2, 800, '2024-01-07 04:33:51', '2024-01-07 04:33:51', '2024-01-07 04:33:51'),
(79, 1, 4, NULL, NULL, 15, 2, 800, '2024-01-07 04:33:51', '2024-01-07 04:33:51', '2024-01-07 04:33:51'),
(80, 1, 4, NULL, NULL, 15, 2, 800, '2024-01-07 04:33:51', '2024-01-07 04:33:51', '2024-01-07 04:33:51'),
(81, 1, 4, NULL, NULL, 15, 2, 800, '2024-01-07 04:33:51', '2024-01-07 04:33:51', '2024-01-07 04:33:51'),
(82, 1, 4, NULL, NULL, 15, 2, 800, '2024-01-07 04:33:51', '2024-01-07 04:33:51', '2024-01-07 04:33:51'),
(83, 6, 4, NULL, NULL, 15, 1, 400, '2024-01-07 04:57:19', '2024-01-07 04:57:19', '2024-01-07 04:57:19'),
(84, 6, 4, NULL, NULL, 15, 1, 400, '2024-01-07 04:57:19', '2024-01-07 04:57:19', '2024-01-07 04:57:19'),
(85, 6, 4, NULL, NULL, 15, 1, 400, '2024-01-07 04:57:19', '2024-01-07 04:57:19', '2024-01-07 04:57:19'),
(86, 6, 4, NULL, NULL, 15, 1, 400, '2024-01-07 04:57:19', '2024-01-07 04:57:19', '2024-01-07 04:57:19'),
(87, 6, 4, NULL, NULL, 15, 1, 400, '2024-01-07 04:57:19', '2024-01-07 04:57:19', '2024-01-07 04:57:19'),
(88, 6, 4, NULL, NULL, 15, 1, 400, '2024-01-07 04:57:19', '2024-01-07 04:57:19', '2024-01-07 04:57:19'),
(89, 6, 4, NULL, NULL, 15, 1, 400, '2024-01-07 04:57:19', '2024-01-07 04:57:19', '2024-01-07 04:57:19'),
(90, 6, 4, NULL, NULL, 15, 1, 400, '2024-01-07 04:57:19', '2024-01-07 04:57:19', '2024-01-07 04:57:19'),
(91, 6, 4, NULL, NULL, 15, 1, 400, '2024-01-07 04:57:19', '2024-01-07 04:57:19', '2024-01-07 04:57:19'),
(92, 0, 4, NULL, NULL, 15, 1, 400, '2024-01-08 07:18:50', '2024-01-08 07:18:50', '2024-01-08 07:18:50'),
(93, 0, 4, NULL, NULL, 15, 1, 400, '2024-01-08 07:18:50', '2024-01-08 07:18:50', '2024-01-08 07:18:50'),
(94, 0, 4, NULL, NULL, 15, 1, 400, '2024-01-08 07:18:50', '2024-01-08 07:18:50', '2024-01-08 07:18:50'),
(95, 0, 4, NULL, NULL, 15, 1, 400, '2024-01-08 07:18:50', '2024-01-08 07:18:50', '2024-01-08 07:18:50'),
(96, 0, 4, NULL, NULL, 15, 1, 400, '2024-01-08 07:18:50', '2024-01-08 07:18:50', '2024-01-08 07:18:50'),
(97, 0, 4, NULL, NULL, 15, 1, 400, '2024-01-08 07:18:50', '2024-01-08 07:18:50', '2024-01-08 07:18:50'),
(98, 0, 4, NULL, NULL, 15, 1, 400, '2024-01-08 07:18:50', '2024-01-08 07:18:50', '2024-01-08 07:18:50'),
(99, 0, 4, NULL, NULL, 15, 1, 400, '2024-01-08 07:18:50', '2024-01-08 07:18:50', '2024-01-08 07:18:50'),
(100, 0, 4, NULL, NULL, 15, 1, 400, '2024-01-08 07:18:50', '2024-01-08 07:18:50', '2024-01-08 07:18:50'),
(101, 6, 4, NULL, NULL, 15, 0, 0, '2024-01-16 07:38:46', '2024-01-16 07:38:46', '2024-01-16 07:38:46'),
(102, 6, 4, NULL, NULL, 15, 0, 0, '2024-01-16 07:38:46', '2024-01-16 07:38:46', '2024-01-16 07:38:46'),
(103, 6, 4, NULL, NULL, 15, 0, 0, '2024-01-16 07:38:46', '2024-01-16 07:38:46', '2024-01-16 07:38:46'),
(104, 6, 4, NULL, NULL, 15, 0, 0, '2024-01-16 07:38:46', '2024-01-16 07:38:46', '2024-01-16 07:38:46'),
(105, 6, 4, NULL, NULL, 15, 0, 0, '2024-01-16 07:38:46', '2024-01-16 07:38:46', '2024-01-16 07:38:46'),
(106, 6, 4, NULL, NULL, 15, 0, 0, '2024-01-16 07:38:46', '2024-01-16 07:38:46', '2024-01-16 07:38:46'),
(107, 6, 4, NULL, NULL, 15, 0, 0, '2024-01-16 07:38:46', '2024-01-16 07:38:46', '2024-01-16 07:38:46'),
(108, 6, 4, NULL, NULL, 15, 0, 0, '2024-01-16 07:38:46', '2024-01-16 07:38:46', '2024-01-16 07:38:46'),
(109, 6, 4, NULL, NULL, 15, 0, 0, '2024-01-16 07:38:46', '2024-01-16 07:38:46', '2024-01-16 07:38:46');

-- --------------------------------------------------------

--
-- Table structure for table `order_item_statuses`
--

CREATE TABLE `order_item_statuses` (
  `id` bigint(20) UNSIGNED NOT NULL,
  `name` varchar(255) COLLATE utf8mb4_unicode_ci NOT NULL,
  `status` tinyint(4) NOT NULL,
  `created_at` timestamp NULL DEFAULT NULL,
  `updated_at` timestamp NULL DEFAULT NULL
) ENGINE=InnoDB DEFAULT CHARSET=utf8mb4 COLLATE=utf8mb4_unicode_ci;

--
-- Dumping data for table `order_item_statuses`
--

INSERT INTO `order_item_statuses` (`id`, `name`, `status`, `created_at`, `updated_at`) VALUES
(1, 'Pending', 1, NULL, NULL),
(2, 'In Progress', 1, NULL, NULL),
(3, 'Shipped', 1, NULL, NULL),
(4, 'Delivered', 1, NULL, NULL);

-- --------------------------------------------------------

--
-- Table structure for table `order_statuses`
--

CREATE TABLE `order_statuses` (
  `id` bigint(20) UNSIGNED NOT NULL,
  `name` varchar(255) COLLATE utf8mb4_unicode_ci NOT NULL,
  `status` tinyint(4) NOT NULL,
  `created_at` timestamp NULL DEFAULT NULL,
  `updated_at` timestamp NULL DEFAULT NULL
) ENGINE=InnoDB DEFAULT CHARSET=utf8mb4 COLLATE=utf8mb4_unicode_ci;

--
-- Dumping data for table `order_statuses`
--

INSERT INTO `order_statuses` (`id`, `name`, `status`, `created_at`, `updated_at`) VALUES
(1, 'New', 1, NULL, NULL),
(2, 'Pending', 1, NULL, NULL),
(3, 'Canceled', 1, NULL, NULL),
(4, 'In Progress', 1, NULL, NULL),
(5, 'Shipped', 1, NULL, NULL),
(6, 'Partially Shipped', 1, NULL, NULL),
(7, 'Delivered', 1, NULL, NULL),
(8, 'Partially Delivered', 1, NULL, NULL),
(9, 'Paid', 1, NULL, NULL),
(10, 'Approved', 1, NULL, NULL),
(11, 'Disapproved', 1, NULL, NULL);

-- --------------------------------------------------------

--
-- Table structure for table `password_resets`
--

CREATE TABLE `password_resets` (
  `email` varchar(255) COLLATE utf8mb4_unicode_ci NOT NULL,
  `token` varchar(255) COLLATE utf8mb4_unicode_ci NOT NULL,
  `created_at` timestamp NULL DEFAULT NULL
) ENGINE=InnoDB DEFAULT CHARSET=utf8mb4 COLLATE=utf8mb4_unicode_ci;

-- --------------------------------------------------------

--
-- Table structure for table `payments`
--

CREATE TABLE `payments` (
  `id` bigint(20) UNSIGNED NOT NULL,
  `order_id` int(11) NOT NULL,
  `user_id` int(11) NOT NULL,
  `payment_id` varchar(255) COLLATE utf8mb4_unicode_ci NOT NULL,
  `payer_id` varchar(255) COLLATE utf8mb4_unicode_ci NOT NULL,
  `payer_email` varchar(255) COLLATE utf8mb4_unicode_ci NOT NULL,
  `amount` double(10,2) NOT NULL,
  `currency` varchar(255) COLLATE utf8mb4_unicode_ci NOT NULL,
  `payment_status` varchar(255) COLLATE utf8mb4_unicode_ci NOT NULL,
  `created_at` timestamp NULL DEFAULT NULL,
  `updated_at` timestamp NULL DEFAULT NULL
) ENGINE=InnoDB DEFAULT CHARSET=utf8mb4 COLLATE=utf8mb4_unicode_ci;

-- --------------------------------------------------------

--
-- Table structure for table `personal_access_tokens`
--

CREATE TABLE `personal_access_tokens` (
  `id` bigint(20) UNSIGNED NOT NULL,
  `tokenable_type` varchar(255) COLLATE utf8mb4_unicode_ci NOT NULL,
  `tokenable_id` bigint(20) UNSIGNED NOT NULL,
  `name` varchar(255) COLLATE utf8mb4_unicode_ci NOT NULL,
  `token` varchar(64) COLLATE utf8mb4_unicode_ci NOT NULL,
  `abilities` text COLLATE utf8mb4_unicode_ci DEFAULT NULL,
  `last_used_at` timestamp NULL DEFAULT NULL,
  `expires_at` timestamp NULL DEFAULT NULL,
  `created_at` timestamp NULL DEFAULT NULL,
  `updated_at` timestamp NULL DEFAULT NULL
) ENGINE=InnoDB DEFAULT CHARSET=utf8mb4 COLLATE=utf8mb4_unicode_ci;

-- --------------------------------------------------------

--
-- Table structure for table `prepaid_pincodes`
--

CREATE TABLE `prepaid_pincodes` (
  `id` bigint(20) UNSIGNED NOT NULL,
  `pincode` varchar(10) COLLATE utf8mb4_unicode_ci NOT NULL,
  `created_at` timestamp NULL DEFAULT NULL,
  `updated_at` timestamp NULL DEFAULT NULL
) ENGINE=InnoDB DEFAULT CHARSET=utf8mb4 COLLATE=utf8mb4_unicode_ci;

-- --------------------------------------------------------

--
-- Table structure for table `products`
--

CREATE TABLE `products` (
  `id` bigint(20) UNSIGNED NOT NULL,
  `section_id` int(11) NOT NULL,
  `category_id` int(11) NOT NULL,
  `brand_id` int(11) NOT NULL,
  `vendor_id` int(11) NOT NULL,
  `admin_id` int(11) NOT NULL,
  `admin_type` varchar(255) COLLATE utf8mb4_unicode_ci NOT NULL,
  `product_name` varchar(255) COLLATE utf8mb4_unicode_ci NOT NULL,
  `product_code` varchar(255) COLLATE utf8mb4_unicode_ci NOT NULL,
  `product_color` varchar(255) COLLATE utf8mb4_unicode_ci NOT NULL,
  `product_price` float NOT NULL,
  `product_discount` float NOT NULL,
  `product_weight` int(11) NOT NULL,
  `product_image` varchar(255) COLLATE utf8mb4_unicode_ci DEFAULT NULL,
  `product_video` varchar(255) COLLATE utf8mb4_unicode_ci DEFAULT NULL,
  `group_code` varchar(255) COLLATE utf8mb4_unicode_ci DEFAULT NULL,
  `description` text COLLATE utf8mb4_unicode_ci DEFAULT NULL,
  `operating_system` varchar(255) COLLATE utf8mb4_unicode_ci DEFAULT NULL,
  `screen_size` varchar(255) COLLATE utf8mb4_unicode_ci DEFAULT NULL,
  `occasion` varchar(255) COLLATE utf8mb4_unicode_ci DEFAULT NULL,
  `fit` varchar(255) COLLATE utf8mb4_unicode_ci DEFAULT NULL,
  `pattern` varchar(255) COLLATE utf8mb4_unicode_ci DEFAULT NULL,
  `sleeve` varchar(255) COLLATE utf8mb4_unicode_ci DEFAULT NULL,
  `ram` varchar(255) COLLATE utf8mb4_unicode_ci DEFAULT NULL,
  `fabric` varchar(255) COLLATE utf8mb4_unicode_ci DEFAULT NULL,
  `meta_title` varchar(255) COLLATE utf8mb4_unicode_ci DEFAULT NULL,
  `meta_keywords` varchar(255) COLLATE utf8mb4_unicode_ci DEFAULT NULL,
  `meta_description` varchar(255) COLLATE utf8mb4_unicode_ci DEFAULT NULL,
  `is_featured` enum('No','Yes') COLLATE utf8mb4_unicode_ci NOT NULL,
  `is_bestseller` enum('No','Yes') COLLATE utf8mb4_unicode_ci NOT NULL,
  `status` tinyint(4) NOT NULL,
  `created_at` timestamp NULL DEFAULT NULL,
  `updated_at` timestamp NULL DEFAULT NULL
) ENGINE=InnoDB DEFAULT CHARSET=utf8mb4 COLLATE=utf8mb4_unicode_ci;

--
-- Dumping data for table `products`
--

INSERT INTO `products` (`id`, `section_id`, `category_id`, `brand_id`, `vendor_id`, `admin_id`, `admin_type`, `product_name`, `product_code`, `product_color`, `product_price`, `product_discount`, `product_weight`, `product_image`, `product_video`, `group_code`, `description`, `operating_system`, `screen_size`, `occasion`, `fit`, `pattern`, `sleeve`, `ram`, `fabric`, `meta_title`, `meta_keywords`, `meta_description`, `is_featured`, `is_bestseller`, `status`, `created_at`, `updated_at`) VALUES
(1, 1, 10, 10, 0, 1, 'superadmin', 'Setup 1', '123', 'Blue', 10000, 10, 10, '19496.jpg', NULL, '12345', 'Wedding', NULL, NULL, NULL, NULL, NULL, NULL, NULL, NULL, 'Test', 'test', 'Test to', 'Yes', 'Yes', 1, '2023-09-11 13:46:25', '2023-11-15 10:58:07'),
(2, 1, 10, 10, 0, 1, 'superadmin', 'Setup 1', '1234', 'Pink', 20000, 5, 10, '81030.jpg', NULL, '12345', 'Pink Setup', NULL, NULL, NULL, NULL, NULL, NULL, NULL, NULL, 'Pink Setup', 'pink', 'Wedding Pink', 'Yes', 'Yes', 1, '2023-09-11 14:56:53', '2023-09-11 14:56:53'),
(3, 2, 11, 11, 0, 1, 'superadmin', 'Corporate 1st Design', 'Corp1', 'Red White', 80000, 5, 100, '32966.jfif', NULL, 'abc123', 'Corporate Description', NULL, NULL, NULL, NULL, NULL, NULL, NULL, NULL, 'Corporate Design', 'Corporate', 'Corporate Design', 'Yes', 'Yes', 1, '2023-09-11 15:15:20', '2023-09-11 15:15:20'),
(4, 1, 10, 10, 4, 10, 'vendor', 'Bagons 1', 'Bagons123', 'Green', 100000, 10, 100, '38949.jpg', NULL, 'Bagon123', 'BAgons Description', NULL, NULL, NULL, NULL, NULL, NULL, NULL, NULL, 'Bagons Design', 'Bagons', 'Bagons Design', 'Yes', 'Yes', 1, '2023-09-11 16:08:34', '2023-09-11 16:08:34'),
(5, 1, 10, 10, 0, 1, 'superadmin', 'Tables', '23', 'red', 150, 0, 30, '44485.jpg', '805112572.jpg', '111', 'test', NULL, NULL, NULL, NULL, NULL, NULL, NULL, NULL, 'aaaa', 'asdfr', 'bbb', 'Yes', 'Yes', 1, '2023-11-15 10:54:01', '2023-11-15 10:54:01'),
(6, 5, 12, 12, 4, 10, 'vendor', 'Kids Birthday SetUp', 'ABE_KB', 'None', 15000, 0, 0, '40351.jpg', NULL, 'Bagon Birthday Setup', 'Kids Birthday Theme', NULL, NULL, NULL, NULL, NULL, NULL, NULL, NULL, 'Kids Birthday', 'Birthday', 'Kids Birthday', 'Yes', 'Yes', 1, '2024-01-09 04:14:04', '2024-01-09 04:14:04'),
(7, 5, 13, 12, 4, 10, 'vendor', 'Sweet Sixteen SetUp', 'ABE_SS', 'None', 15000, 0, 0, '39409.jpg', NULL, 'Bagon Birthday Setup', 'Sweet Sixteen Theme', NULL, NULL, NULL, NULL, NULL, NULL, NULL, NULL, 'Sweet Sixteen', 'Birthday', 'Sweet Sixteen', 'Yes', 'Yes', 1, '2024-01-09 04:16:13', '2024-01-09 04:16:13'),
(8, 5, 14, 12, 4, 10, 'vendor', 'Debut Party Celebration SetUp', 'ABE_DPC', 'None', 15000, 0, 0, '7593.jpg', NULL, 'Bagon Birthday Setup', 'Debut Party Celebration Theme', NULL, NULL, NULL, NULL, NULL, NULL, NULL, NULL, 'Debut Party Celebration', 'Birthday', 'Debut Party Celebration', 'Yes', 'Yes', 1, '2024-01-09 04:17:33', '2024-01-09 04:17:33'),
(9, 5, 15, 12, 4, 10, 'vendor', 'Birthday Party Celebration SetUp', 'ABE_BPC', 'None', 15000, 0, 0, '35117.jpg', NULL, 'Bagon Birthday Setup', 'Birthday Party Celebration Theme', NULL, NULL, NULL, NULL, NULL, NULL, NULL, NULL, 'Birthday Party Celebration', 'Birthday', 'Birthday Party Celebration', 'Yes', 'Yes', 1, '2024-01-09 04:18:58', '2024-01-09 04:18:58'),
(10, 6, 16, 13, 4, 10, 'vendor', 'Wedding Anniversary SetUp', 'ABE_WA', 'None', 20000, 0, 0, '66252.jpg', NULL, 'Bagon Wedding Setup', 'Wedding Anniversary Theme', NULL, NULL, NULL, NULL, NULL, NULL, NULL, NULL, 'Wedding Anniversary', 'Wedding', 'Wedding Anniversary', 'Yes', 'Yes', 1, '2024-01-09 04:20:30', '2024-01-09 04:20:30'),
(11, 6, 17, 13, 4, 10, 'vendor', 'Wedding Day SetUp', 'ABE_WD', 'None', 20000, 0, 0, '73899.jpg', NULL, 'Bagon Wedding Setup', 'Wedding Day Theme', NULL, NULL, NULL, NULL, NULL, NULL, NULL, NULL, 'Wedding Day', 'Wedding', 'Wedding Day', 'Yes', 'Yes', 1, '2024-01-09 04:21:26', '2024-01-09 04:21:26'),
(12, 6, 18, 13, 4, 10, 'vendor', 'Proposal Party SetUp', 'ABE_PP', 'None', 20000, 0, 0, '55051.jpg', NULL, 'Bagon Wedding Setup', 'Proposal Party Theme', NULL, NULL, NULL, NULL, NULL, NULL, NULL, NULL, 'Proposal Party', 'Wedding', 'Proposal Party', 'Yes', 'Yes', 1, '2024-01-09 04:22:32', '2024-01-09 04:22:32'),
(13, 6, 19, 13, 4, 10, 'vendor', 'Bachelorette Party SetUp', 'ABE_BBP', 'None', 20000, 0, 0, '63171.jpg', NULL, 'Bagon Wedding Setup', 'Bachelorette Party', NULL, NULL, NULL, NULL, NULL, NULL, NULL, NULL, 'Bachelorette Party', 'Wedding', 'Bachelorette Party', 'Yes', 'Yes', 1, '2024-01-09 04:23:41', '2024-01-09 04:23:41'),
(14, 6, 20, 13, 4, 10, 'vendor', 'Bachelor Party SetUp', 'ABE_GBP', 'None', 20000, 0, 0, '40164.png', NULL, 'Bagon Wedding Setup', 'Bachelor Party Theme', NULL, NULL, NULL, NULL, NULL, NULL, NULL, NULL, 'Bachelor Party', 'Wedding', 'Bachelor Party', 'Yes', 'Yes', 1, '2024-01-09 04:24:48', '2024-01-09 04:24:48'),
(15, 7, 21, 14, 4, 10, 'vendor', 'Fiesta SetUp', 'ABE_F', 'None', 25000, 0, 0, '43434.jpg', NULL, 'Bagon Special Events Setup', 'Fiesta Theme', NULL, NULL, NULL, NULL, NULL, NULL, NULL, NULL, 'Fiesta', 'Special Events', 'Fiesta', 'Yes', 'Yes', 1, '2024-01-09 04:26:01', '2024-01-09 04:26:01'),
(16, 7, 22, 14, 4, 10, 'vendor', 'Family Reunion SetUp', 'ABE_FR', 'None', 25000, 0, 0, '94687.jpg', NULL, 'Bagon Special Events Setup', 'Family Reunion Theme', NULL, NULL, NULL, NULL, NULL, NULL, NULL, NULL, 'Family Reunion', 'Special Events', 'Family Reunion', 'Yes', 'Yes', 1, '2024-01-09 04:27:09', '2024-01-09 04:27:09'),
(17, 7, 23, 14, 4, 10, 'vendor', 'Graduation Party SetUp', 'ABE_GP', 'None', 25000, 0, 0, '72537.jpg', NULL, 'Bagon Special Events Setup', 'Graduation Party Theme', NULL, NULL, NULL, NULL, NULL, NULL, NULL, NULL, 'Graduation Party', 'Special Events', 'Graduation Party', 'Yes', 'Yes', 1, '2024-01-09 04:28:05', '2024-01-09 04:28:05'),
(18, 7, 24, 14, 4, 10, 'vendor', 'Special Events Celebration SetUp', 'ABE_SEC', 'None', 25000, 0, 0, '34317.jpg', NULL, 'Bagon Special Events Setup', 'Special Events Celebration Theme', NULL, NULL, NULL, NULL, NULL, NULL, NULL, NULL, 'Special Events Celebration', 'Special Events', 'Special Events Celebration', 'Yes', 'Yes', 1, '2024-01-09 04:29:18', '2024-01-09 04:29:18'),
(19, 8, 25, 15, 4, 10, 'vendor', 'Christmas Party Celebration SetUp', 'ABE_CPC', 'None', 30000, 0, 0, '32966.jpg', NULL, 'Bagon Christmas Party Setup', 'Christmas Party Celebration Theme', NULL, NULL, NULL, NULL, NULL, NULL, NULL, NULL, 'Christmas Party Celebration', 'Christmas Party', 'Christmas Party Celebration', 'Yes', 'Yes', 1, '2024-01-09 04:30:40', '2024-01-09 04:30:40'),
(20, 8, 26, 15, 4, 10, 'vendor', 'Noche Buena SetUp', 'ABE_NB', 'None', 30000, 0, 0, '2920.jpg', NULL, 'Bagon Christmas Party Setup', 'Noche Buena Theme', NULL, NULL, NULL, NULL, NULL, NULL, NULL, NULL, 'Noche Buena', 'Christmas Party', 'Noche Buena', 'Yes', 'Yes', 1, '2024-01-09 04:32:21', '2024-01-09 04:32:21'),
(21, 8, 27, 15, 4, 10, 'vendor', 'Childrens Christmas Party SetUp', 'ABE_CCP', 'None', 30000, 0, 0, '80537.jpg', NULL, 'Bagon Christmas Party Setup', 'Childrens Christmas Party Theme', NULL, NULL, NULL, NULL, NULL, NULL, NULL, NULL, 'Childrens Christmas Party', 'Christmas Party', 'Childrens Christmas Party', 'Yes', 'Yes', 1, '2024-01-09 04:34:13', '2024-01-09 04:34:13'),
(22, 8, 28, 15, 4, 10, 'vendor', 'Family Gathering Christmas Party SetUp', 'ABE_FGCP', 'None', 30000, 0, 0, '95842.jpg', NULL, 'Bagon Christmas Party Setup', 'Family Gathering Christmas Party Theme', NULL, NULL, NULL, NULL, NULL, NULL, NULL, NULL, 'Family Gathering Christmas Party', 'Christmas Party', 'Family Gathering Christmas Party', 'Yes', 'Yes', 1, '2024-01-09 04:36:01', '2024-01-09 04:36:01'),
(23, 9, 29, 16, 4, 10, 'vendor', 'Media Noche SetUp', 'ABE_MN', 'None', 35000, 0, 0, '18347.jpg', NULL, 'Bagon New Year Celebration Setup', 'Media Noche Theme', NULL, NULL, NULL, NULL, NULL, NULL, NULL, NULL, 'Media Noche', 'New Year', 'Media Noche', 'Yes', 'Yes', 1, '2024-01-09 04:37:06', '2024-01-09 04:37:06'),
(24, 9, 30, 16, 4, 10, 'vendor', 'Family Gathering New Years Celebration SetUp', 'ABE_FGNC', 'None', 35000, 0, 0, '92765.jpg', NULL, 'Bagon New Year Celebration Setup', 'Family Gathering New Years Celebration Theme', NULL, NULL, NULL, NULL, NULL, NULL, NULL, NULL, 'Family Gathering New Years Celebration', 'New Year', 'Family Gathering New Years Celebration', 'Yes', 'Yes', 1, '2024-01-09 04:37:58', '2024-01-09 04:37:58');

-- --------------------------------------------------------

--
-- Table structure for table `products_attributes`
--

CREATE TABLE `products_attributes` (
  `id` bigint(20) UNSIGNED NOT NULL,
  `product_id` int(11) NOT NULL,
  `size` varchar(255) COLLATE utf8mb4_unicode_ci NOT NULL,
  `price` double(8,2) NOT NULL,
  `stock` int(11) NOT NULL,
  `sku` varchar(255) COLLATE utf8mb4_unicode_ci NOT NULL,
  `status` tinyint(4) NOT NULL,
  `created_at` timestamp NULL DEFAULT NULL,
  `updated_at` timestamp NULL DEFAULT NULL
) ENGINE=InnoDB DEFAULT CHARSET=utf8mb4 COLLATE=utf8mb4_unicode_ci;

--
-- Dumping data for table `products_attributes`
--

INSERT INTO `products_attributes` (`id`, `product_id`, `size`, `price`, `stock`, `sku`, `status`, `created_at`, `updated_at`) VALUES
(1, 1, '10', 10000.00, 9, 'm', 1, '2023-09-11 13:59:07', '2023-11-15 10:57:45'),
(2, 2, '100', 20000.00, 13, 'Pink1', 1, '2023-09-11 15:21:50', '2024-01-07 03:03:33'),
(3, 2, '50', 10000.00, 10, 'Pink2', 1, '2023-09-11 15:21:50', '2023-09-11 15:21:50'),
(4, 4, '200', 100000.00, 8, 'Bagon1', 1, '2023-09-11 16:09:26', '2024-01-15 23:39:12'),
(5, 4, '150', 75000.00, 7, 'Bagon2', 1, '2023-09-11 16:09:26', '2024-01-09 02:24:42'),
(6, 4, '100', 50000.00, 10, 'Bagon3', 1, '2023-09-11 16:09:26', '2023-09-11 16:09:26'),
(7, 3, '500', 100000.00, 3, 'corp1', 1, '2023-09-14 09:44:25', '2024-01-07 04:19:00'),
(8, 1, '30', 150.00, 100, 't1', 1, '2023-11-15 10:57:25', '2023-11-15 10:57:45'),
(9, 1, '40', 200.00, 100, 't2', 1, '2023-11-15 10:57:25', '2023-11-15 10:57:45'),
(10, 1, '50', 250.00, 100, 't3', 1, '2023-11-15 10:57:25', '2023-11-15 10:57:45'),
(11, 5, '30', 150.00, 86, 'ta1', 1, '2023-11-15 10:58:53', '2024-01-07 04:13:52'),
(12, 5, '40', 200.00, 100, 'ta2', 1, '2023-11-15 10:58:53', '2023-11-15 10:58:53'),
(13, 5, '50', 250.00, 100, 'ta3', 1, '2023-11-15 10:58:53', '2023-11-15 10:58:53'),
(14, 6, '100', 15000.00, 5, 'ABE_KB1', 1, '2024-01-09 04:40:35', '2024-01-09 04:40:35'),
(15, 6, '200', 16000.00, 5, 'ABE_KB2', 1, '2024-01-09 04:40:35', '2024-01-09 04:40:35'),
(16, 6, '300', 17000.00, 5, 'ABE_KB3', 1, '2024-01-09 04:40:35', '2024-01-09 04:40:35'),
(17, 7, '100', 15000.00, 5, 'ABE_SS1', 1, '2024-01-09 04:46:58', '2024-01-09 04:46:58'),
(18, 7, '200', 16000.00, 5, 'ABE_SS2', 1, '2024-01-09 04:46:58', '2024-01-09 04:46:58'),
(19, 7, '300', 17000.00, 5, 'ABE_SS3', 1, '2024-01-09 04:46:58', '2024-01-09 04:46:58'),
(20, 8, '100', 15000.00, 5, 'ABE_DPC1', 1, '2024-01-09 04:47:55', '2024-01-09 04:47:55'),
(21, 8, '200', 16000.00, 5, 'ABE_DPC2', 1, '2024-01-09 04:47:55', '2024-01-09 04:47:55'),
(22, 8, '300', 17000.00, 5, 'ABE_DPC3', 1, '2024-01-09 04:47:55', '2024-01-09 04:47:55'),
(23, 9, '100', 15000.00, 5, 'ABE_BPC', 1, '2024-01-09 04:48:31', '2024-01-09 04:49:51'),
(24, 9, '200', 16000.00, 5, 'ABE_BPC2', 1, '2024-01-09 04:50:23', '2024-01-09 04:50:23'),
(25, 9, '300', 17000.00, 5, 'ABE_BPC3', 1, '2024-01-09 04:50:23', '2024-01-09 04:50:23'),
(26, 10, '100', 20000.00, 5, 'ABE_WA1', 1, '2024-01-09 04:51:56', '2024-01-09 04:53:26'),
(27, 10, '200', 21000.00, 5, 'ABE_WA2', 1, '2024-01-09 04:51:56', '2024-01-09 04:53:26'),
(28, 10, '300', 22000.00, 5, 'ABE_WA3', 1, '2024-01-09 04:51:56', '2024-01-09 04:53:26'),
(29, 11, '100', 20000.00, 5, 'ABE_WD1', 1, '2024-01-09 04:52:55', '2024-01-09 04:52:55'),
(30, 11, '200', 21000.00, 5, 'ABE_WD2', 1, '2024-01-09 04:52:55', '2024-01-09 04:52:55'),
(31, 11, '300', 22000.00, 5, 'ABE_WD3', 1, '2024-01-09 04:52:55', '2024-01-09 04:52:55'),
(32, 12, '100', 20000.00, 5, 'ABE_PP1', 1, '2024-01-09 04:54:05', '2024-01-09 04:54:05'),
(33, 12, '200', 21000.00, 5, 'ABE_PP2', 1, '2024-01-09 04:54:05', '2024-01-09 04:54:05'),
(34, 12, '300', 22000.00, 5, 'ABE_PP3', 1, '2024-01-09 04:54:05', '2024-01-09 04:54:05'),
(35, 13, '100', 20000.00, 5, 'ABE_BBP1', 1, '2024-01-09 04:54:38', '2024-01-09 04:54:38'),
(36, 13, '200', 21000.00, 5, 'ABE_BBP2', 1, '2024-01-09 04:54:38', '2024-01-09 04:54:38'),
(37, 13, '300', 22000.00, 5, 'ABE_BBP3', 1, '2024-01-09 04:54:38', '2024-01-09 04:54:38'),
(38, 14, '100', 20000.00, 5, 'ABE_GBP', 1, '2024-01-09 04:55:07', '2024-01-09 04:55:07'),
(39, 14, '200', 21000.00, 5, 'ABE_GBP2', 1, '2024-01-09 04:55:29', '2024-01-09 04:55:29'),
(40, 14, '300', 22000.00, 5, 'ABE_GBP3', 1, '2024-01-09 04:55:29', '2024-01-09 04:55:29'),
(41, 15, '100', 25000.00, 5, 'ABE_F1', 1, '2024-01-09 04:56:09', '2024-01-09 04:56:09'),
(42, 15, '200', 26000.00, 5, 'ABE_F2', 1, '2024-01-09 04:56:09', '2024-01-09 04:56:09'),
(43, 15, '300', 27000.00, 5, 'ABE_F3', 1, '2024-01-09 04:56:09', '2024-01-09 04:56:09'),
(44, 16, '100', 25000.00, 5, 'ABE_FR1', 1, '2024-01-09 04:56:52', '2024-01-09 04:56:52'),
(45, 16, '200', 26000.00, 5, 'ABE_FR2', 1, '2024-01-09 04:56:52', '2024-01-09 04:56:52'),
(46, 16, '300', 27000.00, 5, 'ABE_FR3', 1, '2024-01-09 04:56:52', '2024-01-09 04:56:52'),
(47, 17, '100', 25000.00, 5, 'ABE_GP1', 1, '2024-01-09 04:57:33', '2024-01-09 04:57:33'),
(48, 17, '200', 26000.00, 5, 'ABE_GP2', 1, '2024-01-09 04:57:33', '2024-01-09 04:57:33'),
(49, 17, '300', 27000.00, 5, 'ABE_GP3', 1, '2024-01-09 04:57:33', '2024-01-09 04:57:33'),
(50, 18, '100', 25000.00, 5, 'ABE_SEC1', 1, '2024-01-09 04:58:12', '2024-01-09 04:58:12'),
(51, 18, '200', 26000.00, 5, 'ABE_SEC2', 1, '2024-01-09 04:58:12', '2024-01-09 04:58:12'),
(52, 18, '300', 27000.00, 5, 'ABE_SEC3', 1, '2024-01-09 04:58:12', '2024-01-09 04:58:12'),
(53, 19, '100', 30000.00, 5, 'ABE_CPC1', 1, '2024-01-09 04:58:50', '2024-01-09 04:58:50'),
(54, 19, '200', 31000.00, 5, 'ABE_CPC2', 1, '2024-01-09 04:58:50', '2024-01-09 04:58:50'),
(55, 19, '300', 32000.00, 5, 'ABE_CPC3', 1, '2024-01-09 04:58:50', '2024-01-09 04:58:50'),
(56, 20, '100', 30000.00, 5, 'ABE_NB1', 1, '2024-01-09 05:00:19', '2024-01-09 05:00:19'),
(57, 20, '200', 31000.00, 5, 'ABE_NB2', 1, '2024-01-09 05:00:19', '2024-01-09 05:00:19'),
(58, 20, '300', 32000.00, 5, 'ABE_NB3', 1, '2024-01-09 05:00:19', '2024-01-09 05:00:19'),
(59, 21, '100', 30000.00, 5, 'ABE_CCP1', 1, '2024-01-09 05:01:04', '2024-01-09 05:01:04'),
(60, 21, '200', 31000.00, 5, 'ABE_CCP2', 1, '2024-01-09 05:01:04', '2024-01-09 05:01:04'),
(61, 21, '300', 32000.00, 5, 'ABE_CCP3', 1, '2024-01-09 05:01:04', '2024-01-09 05:01:04'),
(62, 22, '100', 30000.00, 5, 'ABE_FGCP1', 1, '2024-01-09 05:04:51', '2024-01-09 05:04:51'),
(63, 22, '200', 31000.00, 5, 'ABE_FGCP2', 1, '2024-01-09 05:04:51', '2024-01-09 05:04:51'),
(64, 22, '300', 32000.00, 5, 'ABE_FGCP3', 1, '2024-01-09 05:04:51', '2024-01-09 05:04:51'),
(65, 23, '100', 35000.00, 4, 'ABE_MN1', 1, '2024-01-09 05:05:36', '2024-01-15 23:39:12'),
(66, 23, '200', 36000.00, 5, 'ABE_MN2', 1, '2024-01-09 05:05:36', '2024-01-09 05:05:36'),
(67, 23, '300', 37000.00, 5, 'ABE_MN3', 1, '2024-01-09 05:05:36', '2024-01-09 05:05:36');

-- --------------------------------------------------------

--
-- Table structure for table `products_filters`
--

CREATE TABLE `products_filters` (
  `id` bigint(20) UNSIGNED NOT NULL,
  `cat_ids` varchar(255) COLLATE utf8mb4_unicode_ci NOT NULL,
  `filter_name` varchar(255) COLLATE utf8mb4_unicode_ci NOT NULL,
  `filter_column` varchar(255) COLLATE utf8mb4_unicode_ci NOT NULL,
  `status` tinyint(4) NOT NULL,
  `created_at` timestamp NULL DEFAULT NULL,
  `updated_at` timestamp NULL DEFAULT NULL
) ENGINE=InnoDB DEFAULT CHARSET=utf8mb4 COLLATE=utf8mb4_unicode_ci;

-- --------------------------------------------------------

--
-- Table structure for table `products_filters_values`
--

CREATE TABLE `products_filters_values` (
  `id` bigint(20) UNSIGNED NOT NULL,
  `filter_id` varchar(255) COLLATE utf8mb4_unicode_ci NOT NULL,
  `filter_value` varchar(255) COLLATE utf8mb4_unicode_ci NOT NULL,
  `status` tinyint(4) NOT NULL,
  `created_at` timestamp NULL DEFAULT NULL,
  `updated_at` timestamp NULL DEFAULT NULL
) ENGINE=InnoDB DEFAULT CHARSET=utf8mb4 COLLATE=utf8mb4_unicode_ci;

-- --------------------------------------------------------

--
-- Table structure for table `products_images`
--

CREATE TABLE `products_images` (
  `id` bigint(20) UNSIGNED NOT NULL,
  `product_id` int(11) NOT NULL,
  `image` varchar(255) COLLATE utf8mb4_unicode_ci NOT NULL,
  `status` tinyint(4) NOT NULL,
  `created_at` timestamp NULL DEFAULT NULL,
  `updated_at` timestamp NULL DEFAULT NULL
) ENGINE=InnoDB DEFAULT CHARSET=utf8mb4 COLLATE=utf8mb4_unicode_ci;

-- --------------------------------------------------------

--
-- Table structure for table `ratings`
--

CREATE TABLE `ratings` (
  `id` bigint(20) UNSIGNED NOT NULL,
  `user_id` int(11) NOT NULL,
  `product_id` int(11) NOT NULL,
  `review` text COLLATE utf8mb4_unicode_ci NOT NULL,
  `rating` int(11) NOT NULL,
  `status` tinyint(4) NOT NULL,
  `created_at` timestamp NULL DEFAULT NULL,
  `updated_at` timestamp NULL DEFAULT NULL
) ENGINE=InnoDB DEFAULT CHARSET=utf8mb4 COLLATE=utf8mb4_unicode_ci;

-- --------------------------------------------------------

--
-- Table structure for table `recently_viewed_products`
--

CREATE TABLE `recently_viewed_products` (
  `id` bigint(20) UNSIGNED NOT NULL,
  `product_id` int(11) NOT NULL,
  `session_id` varchar(255) COLLATE utf8mb4_unicode_ci NOT NULL,
  `created_at` timestamp NULL DEFAULT NULL,
  `updated_at` timestamp NULL DEFAULT NULL
) ENGINE=InnoDB DEFAULT CHARSET=utf8mb4 COLLATE=utf8mb4_unicode_ci;

--
-- Dumping data for table `recently_viewed_products`
--

INSERT INTO `recently_viewed_products` (`id`, `product_id`, `session_id`, `created_at`, `updated_at`) VALUES
(141, 1, 'c6404e1d6f5c1159612b3c846e530793', NULL, NULL),
(142, 1, '44b441f94fb6dc83b4d24f5a739dffa8', NULL, NULL),
(143, 2, 'c6404e1d6f5c1159612b3c846e530793', NULL, NULL),
(144, 3, 'c6404e1d6f5c1159612b3c846e530793', NULL, NULL),
(145, 3, 'a33a535e28d483a26b1abc5b07b43be9', NULL, NULL),
(146, 2, 'a33a535e28d483a26b1abc5b07b43be9', NULL, NULL),
(147, 4, 'a33a535e28d483a26b1abc5b07b43be9', NULL, NULL),
(148, 4, '5166e54bf9bb917438d91543e523ccb4', NULL, NULL),
(149, 3, '5166e54bf9bb917438d91543e523ccb4', NULL, NULL),
(150, 1, '0f7116aa2657d69a67ed5662d74fa192', NULL, NULL),
(151, 3, '0f7116aa2657d69a67ed5662d74fa192', NULL, NULL),
(152, 2, '0f7116aa2657d69a67ed5662d74fa192', NULL, NULL),
(153, 3, '13e8b024299e56683efa81c0e16e4ab2', NULL, NULL),
(154, 2, '13e8b024299e56683efa81c0e16e4ab2', NULL, NULL),
(155, 1, '13e8b024299e56683efa81c0e16e4ab2', NULL, NULL),
(156, 3, 'ebd54ec7160b8c89e9ff6484d8a26080', NULL, NULL),
(157, 1, '7e0549a54d518c3cf4febfaecd020ab7', NULL, NULL),
(158, 1, '77c15a86c708fa076422a16ca7fa0b20', NULL, NULL),
(159, 5, 'f3f6be00bbc025a256b381b391991d62', NULL, NULL),
(160, 5, '5df7ef315da709be28efb07a59c83703', NULL, NULL),
(161, 4, '5df7ef315da709be28efb07a59c83703', NULL, NULL),
(162, 3, '5df7ef315da709be28efb07a59c83703', NULL, NULL),
(163, 5, '9bba9fff39432bcf8720489ef8f671c2', NULL, NULL),
(164, 4, '9bba9fff39432bcf8720489ef8f671c2', NULL, NULL),
(165, 4, '578c97ca4a2d054ee2b4047d9f768507', NULL, NULL),
(166, 2, 'f91cab2af06303467d8800000c6b41da', NULL, NULL),
(167, 3, 'f91cab2af06303467d8800000c6b41da', NULL, NULL),
(168, 4, 'd933fe456438cc47199a1e26dc3fab6b', NULL, NULL),
(169, 5, 'd933fe456438cc47199a1e26dc3fab6b', NULL, NULL),
(170, 1, 'd933fe456438cc47199a1e26dc3fab6b', NULL, NULL),
(171, 3, 'd933fe456438cc47199a1e26dc3fab6b', NULL, NULL),
(172, 2, 'd933fe456438cc47199a1e26dc3fab6b', NULL, NULL),
(173, 2, 'adcee652ef199248fe75502430fa1762', NULL, NULL),
(174, 4, 'adcee652ef199248fe75502430fa1762', NULL, NULL),
(175, 4, '4ac91f5f5e2b91797e875b74cf14894b', NULL, NULL),
(176, 4, '76d784ed756fd388a98fcd054a3ff1de', NULL, NULL),
(177, 1, '76d784ed756fd388a98fcd054a3ff1de', NULL, NULL),
(178, 4, '5c54c7f9c41a2a21867d0ccc81284402', NULL, NULL),
(179, 4, 'df4ee9aac3c10b92afe013647e30a831', NULL, NULL),
(180, 4, 'ffaf8f869a26cbc52221099a047b2c84', NULL, NULL),
(181, 5, '9b5deb6b921a95c06f46c054e37db1d4', NULL, NULL),
(182, 4, '81915ec57709218ecbedb7499ea4643a', NULL, NULL),
(183, 5, '918d85ca384c6ea81a641fde67572fe3', NULL, NULL),
(184, 4, '918d85ca384c6ea81a641fde67572fe3', NULL, NULL),
(185, 3, '918d85ca384c6ea81a641fde67572fe3', NULL, NULL),
(186, 2, '918d85ca384c6ea81a641fde67572fe3', NULL, NULL),
(187, 1, '918d85ca384c6ea81a641fde67572fe3', NULL, NULL),
(188, 5, 'caf7f1074109efcfe2ac660b875fd68d', NULL, NULL),
(189, 5, 'ba5e1a90137450e717e861dbaa6cb59f', NULL, NULL),
(190, 4, '9ae74e67a90ecdcd3e117d4698793980', NULL, NULL),
(191, 4, 'fae1894dbdd222857515025d795a422a', NULL, NULL),
(192, 3, '31f76d65df182215204d4983070be6d0', NULL, NULL),
(193, 3, 'e005ff83179d9fce2c3b6ab44fcd3e45', NULL, NULL),
(194, 2, 'bb3a7d96c93a4cfe35f2abaa36218105', NULL, NULL),
(195, 2, '4d6a67646b92a02ce263c23da78c9405', NULL, NULL),
(196, 1, '214de2baab1cc94b7cf853bb56337d8a', NULL, NULL),
(197, 1, '3a8cc904f57cd8e2dc878dc12ded3698', NULL, NULL),
(198, 4, '41a0df6f12eb3cdde38fb038df3a2a74', NULL, NULL),
(199, 5, '5dd971867fe22b99f9a1d654af4f7883', NULL, NULL),
(200, 3, '8c745bff39bec1d2c2a96650cbf06c10', NULL, NULL),
(201, 4, '8c745bff39bec1d2c2a96650cbf06c10', NULL, NULL),
(202, 5, '66fe52c9dc69cb5654ea24fc6a70e306', NULL, NULL),
(203, 1, '710a491ea76256841b407d6b2a43d688', NULL, NULL),
(204, 2, '1b2592b5f186ed85c8caa465b05613ea', NULL, NULL),
(205, 4, '4c80d64064aa8d41e02dfccbf8e693bb', NULL, NULL),
(206, 3, 'bf75b021caa4900062998680bb1b39a2', NULL, NULL),
(207, 5, '5b34bbcda1dc8cfd678c1fc3001af615', NULL, NULL),
(208, 4, '6f7afb49e06d9ec199458d4017098cd1', NULL, NULL),
(209, 3, 'c71b8479df308124c11192f908367979', NULL, NULL),
(210, 2, 'c35c3cce6445a49eee70af26bce7a573', NULL, NULL),
(211, 5, '3a5c8ea3b086d02722b876ac69b115e0', NULL, NULL),
(212, 4, 'cfba83da82c32413026b018d55159946', NULL, NULL),
(213, 3, '7876ac68e9943da636ed7f95c3d8cd11', NULL, NULL),
(214, 2, '11db69b9232652b406e2d8f8398b3ec4', NULL, NULL),
(215, 1, '5785fc15fb4a993d1669b485827c2e9e', NULL, NULL),
(216, 5, '78c844e20a90a72ba8ed049e041a06ce', NULL, NULL),
(217, 4, '78c844e20a90a72ba8ed049e041a06ce', NULL, NULL),
(218, 2, '78c844e20a90a72ba8ed049e041a06ce', NULL, NULL),
(219, 1, '78c844e20a90a72ba8ed049e041a06ce', NULL, NULL),
(220, 3, '78c844e20a90a72ba8ed049e041a06ce', NULL, NULL),
(221, 5, 'd272d5cc40a91c09af3453f010a7261d', NULL, NULL),
(222, 4, '4bfd66021c5611f03851426aa7b467c7', NULL, NULL),
(223, 3, '1d1df39627aa2f2db8893bfbcd2faebf', NULL, NULL),
(224, 1, '68e6281940c74cf88ca643cd3aed9a55', NULL, NULL),
(225, 2, '878c0a6fdcd38f7cd966c432c4faab29', NULL, NULL),
(226, 5, 'cdfb67885233b09a9c1ce38cb73d3785', NULL, NULL),
(227, 1, 'fa1f739bf9405d3e97ef6c7e2ecf0fdb', NULL, NULL),
(228, 5, 'fa1f739bf9405d3e97ef6c7e2ecf0fdb', NULL, NULL),
(229, 2, 'fa1f739bf9405d3e97ef6c7e2ecf0fdb', NULL, NULL),
(230, 3, 'fa1f739bf9405d3e97ef6c7e2ecf0fdb', NULL, NULL),
(231, 5, 'f5419dbf7a4680f93e38668cd05b1147', NULL, NULL),
(232, 4, '1d0e0d1a1ed63b119997fa0fd489d59a', NULL, NULL),
(233, 4, 'f5419dbf7a4680f93e38668cd05b1147', NULL, NULL),
(234, 4, '592ed291572b489945ca0b693839f38f', NULL, NULL),
(235, 5, 'f0f4fc347894bcd7dfc504c8ff3829d8', NULL, NULL),
(236, 1, 'f0f4fc347894bcd7dfc504c8ff3829d8', NULL, NULL),
(237, 4, 'f0f4fc347894bcd7dfc504c8ff3829d8', NULL, NULL),
(238, 3, 'f0f4fc347894bcd7dfc504c8ff3829d8', NULL, NULL),
(239, 23, 'c59c7119caa6d80b382ae650ffb1bf12', NULL, NULL),
(240, 1, 'c59c7119caa6d80b382ae650ffb1bf12', NULL, NULL),
(241, 2, 'c59c7119caa6d80b382ae650ffb1bf12', NULL, NULL),
(242, 4, 'c59c7119caa6d80b382ae650ffb1bf12', NULL, NULL),
(243, 24, 'c59c7119caa6d80b382ae650ffb1bf12', NULL, NULL),
(244, 17, 'c59c7119caa6d80b382ae650ffb1bf12', NULL, NULL);

-- --------------------------------------------------------

--
-- Table structure for table `sections`
--

CREATE TABLE `sections` (
  `id` bigint(20) UNSIGNED NOT NULL,
  `name` varchar(255) COLLATE utf8mb4_unicode_ci NOT NULL,
  `status` tinyint(4) NOT NULL DEFAULT 1,
  `created_at` timestamp NULL DEFAULT NULL,
  `updated_at` timestamp NULL DEFAULT NULL
) ENGINE=InnoDB DEFAULT CHARSET=utf8mb4 COLLATE=utf8mb4_unicode_ci;

--
-- Dumping data for table `sections`
--

INSERT INTO `sections` (`id`, `name`, `status`, `created_at`, `updated_at`) VALUES
(1, 'Wedding Catering', 1, '2023-09-11 13:40:46', '2023-09-11 13:40:46'),
(2, 'Corporate Catering', 1, '2023-09-11 14:58:30', '2023-09-11 15:07:02'),
(5, 'BIRTHDAYS', 1, '2023-12-27 02:04:41', '2023-12-27 02:04:41'),
(6, 'WEDDINGS', 1, '2023-12-27 02:04:49', '2023-12-27 02:04:49'),
(7, 'SPECIAL EVENTS', 1, '2023-12-27 02:04:56', '2023-12-27 02:04:56'),
(8, 'CHRISTMAS PARTIES', 1, '2023-12-27 02:05:04', '2023-12-27 02:05:04'),
(9, 'NEW YEARS CELEBRATION', 1, '2023-12-27 02:05:10', '2024-01-09 03:55:15'),
(10, 'Own Choices', 1, '2024-01-09 04:42:09', '2024-01-09 04:42:09');

-- --------------------------------------------------------

--
-- Table structure for table `shipping_charges`
--

CREATE TABLE `shipping_charges` (
  `id` bigint(20) UNSIGNED NOT NULL,
  `country` varchar(255) COLLATE utf8mb4_unicode_ci NOT NULL,
  `0_500g` double(8,2) NOT NULL,
  `501g_1000g` double(8,2) NOT NULL,
  `1001_2000g` double(8,2) NOT NULL,
  `2001g_5000g` double(8,2) NOT NULL,
  `above_5000g` double(8,2) NOT NULL,
  `status` tinyint(4) NOT NULL,
  `created_at` timestamp NULL DEFAULT NULL,
  `updated_at` timestamp NULL DEFAULT NULL
) ENGINE=InnoDB DEFAULT CHARSET=utf8mb4 COLLATE=utf8mb4_unicode_ci;

--
-- Dumping data for table `shipping_charges`
--

INSERT INTO `shipping_charges` (`id`, `country`, `0_500g`, `501g_1000g`, `1001_2000g`, `2001g_5000g`, `above_5000g`, `status`, `created_at`, `updated_at`) VALUES
(1, 'Afghanistan', 100.00, 200.00, 300.00, 400.00, 500.00, 1, '2023-03-31 22:00:00', '2023-04-04 23:36:54'),
(2, 'Albania', 0.00, 0.00, 0.00, 0.00, 0.00, 1, '2023-03-31 22:00:00', '2023-04-01 14:24:48'),
(3, 'Algeria', 0.00, 0.00, 0.00, 0.00, 0.00, 1, '2023-03-31 22:00:00', '2023-04-01 14:24:49'),
(4, 'American Samoa', 0.00, 0.00, 0.00, 0.00, 0.00, 1, '2023-03-31 22:00:00', '2023-03-31 22:00:00'),
(5, 'Andorra', 0.00, 0.00, 0.00, 0.00, 0.00, 1, '2023-03-31 22:00:00', '2023-03-31 22:00:00'),
(6, 'Angola', 0.00, 0.00, 0.00, 0.00, 0.00, 1, '2023-03-31 22:00:00', '2023-03-31 22:00:00'),
(7, 'Anguilla', 0.00, 0.00, 0.00, 0.00, 0.00, 1, '2023-03-31 22:00:00', '2023-03-31 22:00:00'),
(8, 'Antarctica', 0.00, 0.00, 0.00, 0.00, 0.00, 1, '2023-03-31 22:00:00', '2023-03-31 22:00:00'),
(9, 'Antigua and Barbuda', 0.00, 0.00, 0.00, 0.00, 0.00, 1, '2023-03-31 22:00:00', '2023-03-31 22:00:00'),
(10, 'Argentina', 0.00, 0.00, 0.00, 0.00, 0.00, 1, '2023-03-31 22:00:00', '2023-03-31 22:00:00'),
(11, 'Armenia', 0.00, 0.00, 0.00, 0.00, 0.00, 1, '2023-03-31 22:00:00', '2023-03-31 22:00:00'),
(12, 'Aruba', 0.00, 0.00, 0.00, 0.00, 0.00, 1, '2023-03-31 22:00:00', '2023-03-31 22:00:00'),
(13, 'Australia', 0.00, 0.00, 0.00, 0.00, 0.00, 1, '2023-03-31 22:00:00', '2023-03-31 22:00:00'),
(14, 'Austria', 0.00, 0.00, 0.00, 0.00, 0.00, 1, '2023-03-31 22:00:00', '2023-03-31 22:00:00'),
(15, 'Azerbaijan', 0.00, 0.00, 0.00, 0.00, 0.00, 1, '2023-03-31 22:00:00', '2023-03-31 22:00:00'),
(16, 'Bahamas', 0.00, 0.00, 0.00, 0.00, 0.00, 1, '2023-03-31 22:00:00', '2023-03-31 22:00:00'),
(17, 'Bahrain', 0.00, 0.00, 0.00, 0.00, 0.00, 1, '2023-03-31 22:00:00', '2023-03-31 22:00:00'),
(18, 'Bangladesh', 0.00, 0.00, 0.00, 0.00, 0.00, 1, '2023-03-31 22:00:00', '2023-03-31 22:00:00'),
(19, 'Barbados', 0.00, 0.00, 0.00, 0.00, 0.00, 1, '2023-03-31 22:00:00', '2023-03-31 22:00:00'),
(20, 'Belarus', 0.00, 0.00, 0.00, 0.00, 0.00, 1, '2023-03-31 22:00:00', '2023-03-31 22:00:00'),
(21, 'Belgium', 0.00, 0.00, 0.00, 0.00, 0.00, 1, '2023-03-31 22:00:00', '2023-03-31 22:00:00'),
(22, 'Belize', 0.00, 0.00, 0.00, 0.00, 0.00, 1, '2023-03-31 22:00:00', '2023-03-31 22:00:00'),
(23, 'Benin', 0.00, 0.00, 0.00, 0.00, 0.00, 1, '2023-03-31 22:00:00', '2023-03-31 22:00:00'),
(24, 'Bermuda', 0.00, 0.00, 0.00, 0.00, 0.00, 1, '2023-03-31 22:00:00', '2023-03-31 22:00:00'),
(25, 'Bhutan', 0.00, 0.00, 0.00, 0.00, 0.00, 1, '2023-03-31 22:00:00', '2023-03-31 22:00:00'),
(26, 'Bolivia', 0.00, 0.00, 0.00, 0.00, 0.00, 1, '2023-03-31 22:00:00', '2023-03-31 22:00:00'),
(27, 'Bosnia and Herzegovina', 0.00, 0.00, 0.00, 0.00, 0.00, 1, '2023-03-31 22:00:00', '2023-03-31 22:00:00'),
(28, 'Botswana', 0.00, 0.00, 0.00, 0.00, 0.00, 1, '2023-03-31 22:00:00', '2023-03-31 22:00:00'),
(29, 'Bouvet Island', 0.00, 0.00, 0.00, 0.00, 0.00, 1, '2023-03-31 22:00:00', '2023-03-31 22:00:00'),
(30, 'Brazil', 0.00, 0.00, 0.00, 0.00, 0.00, 1, '2023-03-31 22:00:00', '2023-03-31 22:00:00'),
(31, 'British Indian Ocean Territory', 0.00, 0.00, 0.00, 0.00, 0.00, 1, '2023-03-31 22:00:00', '2023-03-31 22:00:00'),
(32, 'Brunei Darussalam', 0.00, 0.00, 0.00, 0.00, 0.00, 1, '2023-03-31 22:00:00', '2023-03-31 22:00:00'),
(33, 'Bulgaria', 0.00, 0.00, 0.00, 0.00, 0.00, 1, '2023-03-31 22:00:00', '2023-03-31 22:00:00'),
(34, 'Burkina Faso', 0.00, 0.00, 0.00, 0.00, 0.00, 1, '2023-03-31 22:00:00', '2023-03-31 22:00:00'),
(35, 'Burundi', 0.00, 0.00, 0.00, 0.00, 0.00, 1, '2023-03-31 22:00:00', '2023-03-31 22:00:00'),
(36, 'Cambodia', 0.00, 0.00, 0.00, 0.00, 0.00, 1, '2023-03-31 22:00:00', '2023-03-31 22:00:00'),
(37, 'Cameroon', 0.00, 0.00, 0.00, 0.00, 0.00, 1, '2023-03-31 22:00:00', '2023-03-31 22:00:00'),
(38, 'Canada', 0.00, 0.00, 0.00, 0.00, 0.00, 1, '2023-03-31 22:00:00', '2023-03-31 22:00:00'),
(39, 'Cape Verde', 0.00, 0.00, 0.00, 0.00, 0.00, 1, '2023-03-31 22:00:00', '2023-03-31 22:00:00'),
(40, 'Cayman Islands', 0.00, 0.00, 0.00, 0.00, 0.00, 1, '2023-03-31 22:00:00', '2023-03-31 22:00:00'),
(41, 'Central African Republic', 0.00, 0.00, 0.00, 0.00, 0.00, 1, '2023-03-31 22:00:00', '2023-03-31 22:00:00'),
(42, 'Chad', 0.00, 0.00, 0.00, 0.00, 0.00, 1, '2023-03-31 22:00:00', '2023-03-31 22:00:00'),
(43, 'Chile', 0.00, 0.00, 0.00, 0.00, 0.00, 1, '2023-03-31 22:00:00', '2023-03-31 22:00:00'),
(44, 'China', 0.00, 0.00, 0.00, 0.00, 0.00, 1, '2023-03-31 22:00:00', '2023-03-31 22:00:00'),
(45, 'Christmas Island', 0.00, 0.00, 0.00, 0.00, 0.00, 1, '2023-03-31 22:00:00', '2023-03-31 22:00:00'),
(46, 'Cocos (Keeling) Islands', 0.00, 0.00, 0.00, 0.00, 0.00, 1, '2023-03-31 22:00:00', '2023-03-31 22:00:00'),
(47, 'Colombia', 0.00, 0.00, 0.00, 0.00, 0.00, 1, '2023-03-31 22:00:00', '2023-03-31 22:00:00'),
(48, 'Comoros', 0.00, 0.00, 0.00, 0.00, 0.00, 1, '2023-03-31 22:00:00', '2023-03-31 22:00:00'),
(49, 'Democratic Republic of the Congo', 0.00, 0.00, 0.00, 0.00, 0.00, 1, '2023-03-31 22:00:00', '2023-03-31 22:00:00'),
(50, 'Republic of Congo', 0.00, 0.00, 0.00, 0.00, 0.00, 1, '2023-03-31 22:00:00', '2023-03-31 22:00:00'),
(51, 'Cook Islands', 0.00, 0.00, 0.00, 0.00, 0.00, 1, '2023-03-31 22:00:00', '2023-03-31 22:00:00'),
(52, 'Costa Rica', 0.00, 0.00, 0.00, 0.00, 0.00, 1, '2023-03-31 22:00:00', '2023-03-31 22:00:00'),
(53, 'Croatia (Hrvatska)', 0.00, 0.00, 0.00, 0.00, 0.00, 1, '2023-03-31 22:00:00', '2023-03-31 22:00:00'),
(54, 'Cuba', 0.00, 0.00, 0.00, 0.00, 0.00, 1, '2023-03-31 22:00:00', '2023-03-31 22:00:00'),
(55, 'Cyprus', 0.00, 0.00, 0.00, 0.00, 0.00, 1, '2023-03-31 22:00:00', '2023-03-31 22:00:00'),
(56, 'Czech Republic', 0.00, 0.00, 0.00, 0.00, 0.00, 1, '2023-03-31 22:00:00', '2023-03-31 22:00:00'),
(57, 'Denmark', 0.00, 0.00, 0.00, 0.00, 0.00, 1, '2023-03-31 22:00:00', '2023-03-31 22:00:00'),
(58, 'Djibouti', 0.00, 0.00, 0.00, 0.00, 0.00, 1, '2023-03-31 22:00:00', '2023-03-31 22:00:00'),
(59, 'Dominica', 0.00, 0.00, 0.00, 0.00, 0.00, 1, '2023-03-31 22:00:00', '2023-03-31 22:00:00'),
(60, 'Dominican Republic', 0.00, 0.00, 0.00, 0.00, 0.00, 1, '2023-03-31 22:00:00', '2023-03-31 22:00:00'),
(61, 'East Timor', 0.00, 0.00, 0.00, 0.00, 0.00, 1, '2023-03-31 22:00:00', '2023-03-31 22:00:00'),
(62, 'Ecuador', 0.00, 0.00, 0.00, 0.00, 0.00, 1, '2023-03-31 22:00:00', '2023-03-31 22:00:00'),
(63, 'Egypt', 100.00, 200.00, 300.00, 400.00, 500.00, 1, '2023-03-31 22:00:00', '2023-04-05 14:39:13'),
(64, 'El Salvador', 0.00, 0.00, 0.00, 0.00, 0.00, 1, '2023-03-31 22:00:00', '2023-03-31 22:00:00'),
(65, 'Equatorial Guinea', 0.00, 0.00, 0.00, 0.00, 0.00, 1, '2023-03-31 22:00:00', '2023-03-31 22:00:00'),
(66, 'Eritrea', 0.00, 0.00, 0.00, 0.00, 0.00, 1, '2023-03-31 22:00:00', '2023-03-31 22:00:00'),
(67, 'Estonia', 0.00, 0.00, 0.00, 0.00, 0.00, 1, '2023-03-31 22:00:00', '2023-03-31 22:00:00'),
(68, 'Ethiopia', 0.00, 0.00, 0.00, 0.00, 0.00, 1, '2023-03-31 22:00:00', '2023-03-31 22:00:00'),
(69, 'Falkland Islands (Malvinas)', 0.00, 0.00, 0.00, 0.00, 0.00, 1, '2023-03-31 22:00:00', '2023-03-31 22:00:00'),
(70, 'Faroe Islands', 0.00, 0.00, 0.00, 0.00, 0.00, 1, '2023-03-31 22:00:00', '2023-03-31 22:00:00'),
(71, 'Fiji', 0.00, 0.00, 0.00, 0.00, 0.00, 1, '2023-03-31 22:00:00', '2023-03-31 22:00:00'),
(72, 'Finland', 0.00, 0.00, 0.00, 0.00, 0.00, 1, '2023-03-31 22:00:00', '2023-03-31 22:00:00'),
(73, 'France', 0.00, 0.00, 0.00, 0.00, 0.00, 1, '2023-03-31 22:00:00', '2023-03-31 22:00:00'),
(74, 'France, Metropolitan', 0.00, 0.00, 0.00, 0.00, 0.00, 1, '2023-03-31 22:00:00', '2023-03-31 22:00:00'),
(75, 'French Guiana', 0.00, 0.00, 0.00, 0.00, 0.00, 1, '2023-03-31 22:00:00', '2023-03-31 22:00:00'),
(76, 'French Polynesia', 0.00, 0.00, 0.00, 0.00, 0.00, 1, '2023-03-31 22:00:00', '2023-03-31 22:00:00'),
(77, 'French Southern Territories', 0.00, 0.00, 0.00, 0.00, 0.00, 1, '2023-03-31 22:00:00', '2023-03-31 22:00:00'),
(78, 'Gabon', 0.00, 0.00, 0.00, 0.00, 0.00, 1, '2023-03-31 22:00:00', '2023-03-31 22:00:00'),
(79, 'Gambia', 0.00, 0.00, 0.00, 0.00, 0.00, 1, '2023-03-31 22:00:00', '2023-03-31 22:00:00'),
(80, 'Georgia', 0.00, 0.00, 0.00, 0.00, 0.00, 1, '2023-03-31 22:00:00', '2023-03-31 22:00:00'),
(81, 'Germany', 0.00, 0.00, 0.00, 0.00, 0.00, 1, '2023-03-31 22:00:00', '2023-03-31 22:00:00'),
(82, 'Ghana', 0.00, 0.00, 0.00, 0.00, 0.00, 1, '2023-03-31 22:00:00', '2023-03-31 22:00:00'),
(83, 'Gibraltar', 0.00, 0.00, 0.00, 0.00, 0.00, 1, '2023-03-31 22:00:00', '2023-03-31 22:00:00'),
(84, 'Guernsey', 0.00, 0.00, 0.00, 0.00, 0.00, 1, '2023-03-31 22:00:00', '2023-03-31 22:00:00'),
(85, 'Greece', 0.00, 0.00, 0.00, 0.00, 0.00, 1, '2023-03-31 22:00:00', '2023-03-31 22:00:00'),
(86, 'Greenland', 0.00, 0.00, 0.00, 0.00, 0.00, 1, '2023-03-31 22:00:00', '2023-03-31 22:00:00'),
(87, 'Grenada', 0.00, 0.00, 0.00, 0.00, 0.00, 1, '2023-03-31 22:00:00', '2023-03-31 22:00:00'),
(88, 'Guadeloupe', 0.00, 0.00, 0.00, 0.00, 0.00, 1, '2023-03-31 22:00:00', '2023-03-31 22:00:00'),
(89, 'Guam', 0.00, 0.00, 0.00, 0.00, 0.00, 1, '2023-03-31 22:00:00', '2023-03-31 22:00:00'),
(90, 'Guatemala', 0.00, 0.00, 0.00, 0.00, 0.00, 1, '2023-03-31 22:00:00', '2023-03-31 22:00:00'),
(91, 'Guinea', 0.00, 0.00, 0.00, 0.00, 0.00, 1, '2023-03-31 22:00:00', '2023-03-31 22:00:00'),
(92, 'Guinea-Bissau', 0.00, 0.00, 0.00, 0.00, 0.00, 1, '2023-03-31 22:00:00', '2023-03-31 22:00:00'),
(93, 'Guyana', 0.00, 0.00, 0.00, 0.00, 0.00, 1, '2023-03-31 22:00:00', '2023-03-31 22:00:00'),
(94, 'Haiti', 0.00, 0.00, 0.00, 0.00, 0.00, 1, '2023-03-31 22:00:00', '2023-03-31 22:00:00'),
(95, 'Heard and Mc Donald Islands', 0.00, 0.00, 0.00, 0.00, 0.00, 1, '2023-03-31 22:00:00', '2023-03-31 22:00:00'),
(96, 'Honduras', 0.00, 0.00, 0.00, 0.00, 0.00, 1, '2023-03-31 22:00:00', '2023-03-31 22:00:00'),
(97, 'Hong Kong', 0.00, 0.00, 0.00, 0.00, 0.00, 1, '2023-03-31 22:00:00', '2023-03-31 22:00:00'),
(98, 'Hungary', 0.00, 0.00, 0.00, 0.00, 0.00, 1, '2023-03-31 22:00:00', '2023-03-31 22:00:00'),
(99, 'Iceland', 0.00, 0.00, 0.00, 0.00, 0.00, 1, '2023-03-31 22:00:00', '2023-03-31 22:00:00'),
(100, 'India', 100.00, 200.00, 300.00, 400.00, 500.00, 1, '2023-03-31 22:00:00', '2023-04-04 23:37:56'),
(101, 'Isle of Man', 0.00, 0.00, 0.00, 0.00, 0.00, 1, '2023-03-31 22:00:00', '2023-03-31 22:00:00'),
(102, 'Indonesia', 0.00, 0.00, 0.00, 0.00, 0.00, 1, '2023-03-31 22:00:00', '2023-03-31 22:00:00'),
(103, 'Iran (Islamic Republic of)', 0.00, 0.00, 0.00, 0.00, 0.00, 1, '2023-03-31 22:00:00', '2023-03-31 22:00:00'),
(104, 'Iraq', 0.00, 0.00, 0.00, 0.00, 0.00, 1, '2023-03-31 22:00:00', '2023-03-31 22:00:00'),
(105, 'Ireland', 0.00, 0.00, 0.00, 0.00, 0.00, 1, '2023-03-31 22:00:00', '2023-03-31 22:00:00'),
(106, 'Israel', 0.00, 0.00, 0.00, 0.00, 0.00, 1, '2023-03-31 22:00:00', '2023-03-31 22:00:00'),
(107, 'Italy', 0.00, 0.00, 0.00, 0.00, 0.00, 1, '2023-03-31 22:00:00', '2023-03-31 22:00:00'),
(108, 'Ivory Coast', 0.00, 0.00, 0.00, 0.00, 0.00, 1, '2023-03-31 22:00:00', '2023-03-31 22:00:00'),
(109, 'Jersey', 0.00, 0.00, 0.00, 0.00, 0.00, 1, '2023-03-31 22:00:00', '2023-03-31 22:00:00'),
(110, 'Jamaica', 0.00, 0.00, 0.00, 0.00, 0.00, 1, '2023-03-31 22:00:00', '2023-03-31 22:00:00'),
(111, 'Japan', 0.00, 0.00, 0.00, 0.00, 0.00, 1, '2023-03-31 22:00:00', '2023-03-31 22:00:00'),
(112, 'Jordan', 0.00, 0.00, 0.00, 0.00, 0.00, 1, '2023-03-31 22:00:00', '2023-03-31 22:00:00'),
(113, 'Kazakhstan', 0.00, 0.00, 0.00, 0.00, 0.00, 1, '2023-03-31 22:00:00', '2023-03-31 22:00:00'),
(114, 'Kenya', 0.00, 0.00, 0.00, 0.00, 0.00, 1, '2023-03-31 22:00:00', '2023-03-31 22:00:00'),
(115, 'Kiribati', 0.00, 0.00, 0.00, 0.00, 0.00, 1, '2023-03-31 22:00:00', '2023-03-31 22:00:00'),
(116, 'Korea, Democratic People\'s Republic of', 0.00, 0.00, 0.00, 0.00, 0.00, 1, '2023-03-31 22:00:00', '2023-03-31 22:00:00'),
(117, 'Korea, Republic of', 0.00, 0.00, 0.00, 0.00, 0.00, 1, '2023-03-31 22:00:00', '2023-03-31 22:00:00'),
(118, 'Kosovo', 0.00, 0.00, 0.00, 0.00, 0.00, 1, '2023-03-31 22:00:00', '2023-03-31 22:00:00'),
(119, 'Kuwait', 0.00, 0.00, 0.00, 0.00, 0.00, 1, '2023-03-31 22:00:00', '2023-03-31 22:00:00'),
(120, 'Kyrgyzstan', 0.00, 0.00, 0.00, 0.00, 0.00, 1, '2023-03-31 22:00:00', '2023-03-31 22:00:00'),
(121, 'Lao People\'s Democratic Republic', 0.00, 0.00, 0.00, 0.00, 0.00, 1, '2023-03-31 22:00:00', '2023-03-31 22:00:00'),
(122, 'Latvia', 0.00, 0.00, 0.00, 0.00, 0.00, 1, '2023-03-31 22:00:00', '2023-03-31 22:00:00'),
(123, 'Lebanon', 0.00, 0.00, 0.00, 0.00, 0.00, 1, '2023-03-31 22:00:00', '2023-03-31 22:00:00'),
(124, 'Lesotho', 0.00, 0.00, 0.00, 0.00, 0.00, 1, '2023-03-31 22:00:00', '2023-03-31 22:00:00'),
(125, 'Liberia', 0.00, 0.00, 0.00, 0.00, 0.00, 1, '2023-03-31 22:00:00', '2023-03-31 22:00:00'),
(126, 'Libyan Arab Jamahiriya', 0.00, 0.00, 0.00, 0.00, 0.00, 1, '2023-03-31 22:00:00', '2023-03-31 22:00:00'),
(127, 'Liechtenstein', 0.00, 0.00, 0.00, 0.00, 0.00, 1, '2023-03-31 22:00:00', '2023-03-31 22:00:00'),
(128, 'Lithuania', 0.00, 0.00, 0.00, 0.00, 0.00, 1, '2023-03-31 22:00:00', '2023-03-31 22:00:00'),
(129, 'Luxembourg', 0.00, 0.00, 0.00, 0.00, 0.00, 1, '2023-03-31 22:00:00', '2023-03-31 22:00:00'),
(130, 'Macau', 0.00, 0.00, 0.00, 0.00, 0.00, 1, '2023-03-31 22:00:00', '2023-03-31 22:00:00'),
(131, 'North Macedonia', 0.00, 0.00, 0.00, 0.00, 0.00, 1, '2023-03-31 22:00:00', '2023-03-31 22:00:00'),
(132, 'Madagascar', 0.00, 0.00, 0.00, 0.00, 0.00, 1, '2023-03-31 22:00:00', '2023-03-31 22:00:00'),
(133, 'Malawi', 0.00, 0.00, 0.00, 0.00, 0.00, 1, '2023-03-31 22:00:00', '2023-03-31 22:00:00'),
(134, 'Malaysia', 0.00, 0.00, 0.00, 0.00, 0.00, 1, '2023-03-31 22:00:00', '2023-03-31 22:00:00'),
(135, 'Maldives', 0.00, 0.00, 0.00, 0.00, 0.00, 1, '2023-03-31 22:00:00', '2023-03-31 22:00:00'),
(136, 'Mali', 0.00, 0.00, 0.00, 0.00, 0.00, 1, '2023-03-31 22:00:00', '2023-03-31 22:00:00'),
(137, 'Malta', 0.00, 0.00, 0.00, 0.00, 0.00, 1, '2023-03-31 22:00:00', '2023-03-31 22:00:00'),
(138, 'Marshall Islands', 0.00, 0.00, 0.00, 0.00, 0.00, 1, '2023-03-31 22:00:00', '2023-03-31 22:00:00'),
(139, 'Martinique', 0.00, 0.00, 0.00, 0.00, 0.00, 1, '2023-03-31 22:00:00', '2023-03-31 22:00:00'),
(140, 'Mauritania', 0.00, 0.00, 0.00, 0.00, 0.00, 1, '2023-03-31 22:00:00', '2023-03-31 22:00:00'),
(141, 'Mauritius', 0.00, 0.00, 0.00, 0.00, 0.00, 1, '2023-03-31 22:00:00', '2023-03-31 22:00:00'),
(142, 'Mayotte', 0.00, 0.00, 0.00, 0.00, 0.00, 1, '2023-03-31 22:00:00', '2023-03-31 22:00:00'),
(143, 'Mexico', 0.00, 0.00, 0.00, 0.00, 0.00, 1, '2023-03-31 22:00:00', '2023-03-31 22:00:00'),
(144, 'Micronesia, Federated States of', 0.00, 0.00, 0.00, 0.00, 0.00, 1, '2023-03-31 22:00:00', '2023-03-31 22:00:00'),
(145, 'Moldova, Republic of', 0.00, 0.00, 0.00, 0.00, 0.00, 1, '2023-03-31 22:00:00', '2023-03-31 22:00:00'),
(146, 'Monaco', 0.00, 0.00, 0.00, 0.00, 0.00, 1, '2023-03-31 22:00:00', '2023-03-31 22:00:00'),
(147, 'Mongolia', 0.00, 0.00, 0.00, 0.00, 0.00, 1, '2023-03-31 22:00:00', '2023-03-31 22:00:00'),
(148, 'Montenegro', 0.00, 0.00, 0.00, 0.00, 0.00, 1, '2023-03-31 22:00:00', '2023-03-31 22:00:00'),
(149, 'Montserrat', 0.00, 0.00, 0.00, 0.00, 0.00, 1, '2023-03-31 22:00:00', '2023-03-31 22:00:00'),
(150, 'Morocco', 0.00, 0.00, 0.00, 0.00, 0.00, 1, '2023-03-31 22:00:00', '2023-03-31 22:00:00'),
(151, 'Mozambique', 0.00, 0.00, 0.00, 0.00, 0.00, 1, '2023-03-31 22:00:00', '2023-03-31 22:00:00'),
(152, 'Myanmar', 0.00, 0.00, 0.00, 0.00, 0.00, 1, '2023-03-31 22:00:00', '2023-03-31 22:00:00'),
(153, 'Namibia', 0.00, 0.00, 0.00, 0.00, 0.00, 1, '2023-03-31 22:00:00', '2023-03-31 22:00:00'),
(154, 'Nauru', 0.00, 0.00, 0.00, 0.00, 0.00, 1, '2023-03-31 22:00:00', '2023-03-31 22:00:00'),
(155, 'Nepal', 0.00, 0.00, 0.00, 0.00, 0.00, 1, '2023-03-31 22:00:00', '2023-03-31 22:00:00'),
(156, 'Netherlands', 0.00, 0.00, 0.00, 0.00, 0.00, 1, '2023-03-31 22:00:00', '2023-03-31 22:00:00'),
(157, 'Netherlands Antilles', 0.00, 0.00, 0.00, 0.00, 0.00, 1, '2023-03-31 22:00:00', '2023-03-31 22:00:00'),
(158, 'New Caledonia', 0.00, 0.00, 0.00, 0.00, 0.00, 1, '2023-03-31 22:00:00', '2023-03-31 22:00:00'),
(159, 'New Zealand', 0.00, 0.00, 0.00, 0.00, 0.00, 1, '2023-03-31 22:00:00', '2023-03-31 22:00:00'),
(160, 'Nicaragua', 0.00, 0.00, 0.00, 0.00, 0.00, 1, '2023-03-31 22:00:00', '2023-03-31 22:00:00'),
(161, 'Niger', 0.00, 0.00, 0.00, 0.00, 0.00, 1, '2023-03-31 22:00:00', '2023-03-31 22:00:00'),
(162, 'Nigeria', 0.00, 0.00, 0.00, 0.00, 0.00, 1, '2023-03-31 22:00:00', '2023-03-31 22:00:00'),
(163, 'Niue', 0.00, 0.00, 0.00, 0.00, 0.00, 1, '2023-03-31 22:00:00', '2023-03-31 22:00:00'),
(164, 'Norfolk Island', 0.00, 0.00, 0.00, 0.00, 0.00, 1, '2023-03-31 22:00:00', '2023-03-31 22:00:00'),
(165, 'Northern Mariana Islands', 0.00, 0.00, 0.00, 0.00, 0.00, 1, '2023-03-31 22:00:00', '2023-03-31 22:00:00'),
(166, 'Norway', 0.00, 0.00, 0.00, 0.00, 0.00, 1, '2023-03-31 22:00:00', '2023-03-31 22:00:00'),
(167, 'Oman', 0.00, 0.00, 0.00, 0.00, 0.00, 1, '2023-03-31 22:00:00', '2023-03-31 22:00:00'),
(168, 'Pakistan', 0.00, 0.00, 0.00, 0.00, 0.00, 1, '2023-03-31 22:00:00', '2023-03-31 22:00:00'),
(169, 'Palau', 0.00, 0.00, 0.00, 0.00, 0.00, 1, '2023-03-31 22:00:00', '2023-03-31 22:00:00'),
(170, 'Palestine', 0.00, 0.00, 0.00, 0.00, 0.00, 1, '2023-03-31 22:00:00', '2023-03-31 22:00:00'),
(171, 'Panama', 0.00, 0.00, 0.00, 0.00, 0.00, 1, '2023-03-31 22:00:00', '2023-03-31 22:00:00'),
(172, 'Papua New Guinea', 0.00, 0.00, 0.00, 0.00, 0.00, 1, '2023-03-31 22:00:00', '2023-03-31 22:00:00'),
(173, 'Paraguay', 0.00, 0.00, 0.00, 0.00, 0.00, 1, '2023-03-31 22:00:00', '2023-03-31 22:00:00'),
(174, 'Peru', 0.00, 0.00, 0.00, 0.00, 0.00, 1, '2023-03-31 22:00:00', '2023-03-31 22:00:00'),
(175, 'Philippines', 0.00, 0.00, 0.00, 0.00, 0.00, 1, '2023-03-31 22:00:00', '2023-03-31 22:00:00'),
(176, 'Pitcairn', 0.00, 0.00, 0.00, 0.00, 0.00, 1, '2023-03-31 22:00:00', '2023-03-31 22:00:00'),
(177, 'Poland', 0.00, 0.00, 0.00, 0.00, 0.00, 1, '2023-03-31 22:00:00', '2023-03-31 22:00:00'),
(178, 'Portugal', 0.00, 0.00, 0.00, 0.00, 0.00, 1, '2023-03-31 22:00:00', '2023-03-31 22:00:00'),
(179, 'Puerto Rico', 0.00, 0.00, 0.00, 0.00, 0.00, 1, '2023-03-31 22:00:00', '2023-03-31 22:00:00'),
(180, 'Qatar', 0.00, 0.00, 0.00, 0.00, 0.00, 1, '2023-03-31 22:00:00', '2023-03-31 22:00:00'),
(181, 'Reunion', 0.00, 0.00, 0.00, 0.00, 0.00, 1, '2023-03-31 22:00:00', '2023-03-31 22:00:00'),
(182, 'Romania', 0.00, 0.00, 0.00, 0.00, 0.00, 1, '2023-03-31 22:00:00', '2023-03-31 22:00:00'),
(183, 'Russian Federation', 0.00, 0.00, 0.00, 0.00, 0.00, 1, '2023-03-31 22:00:00', '2023-03-31 22:00:00'),
(184, 'Rwanda', 0.00, 0.00, 0.00, 0.00, 0.00, 1, '2023-03-31 22:00:00', '2023-03-31 22:00:00'),
(185, 'Saint Kitts and Nevis', 0.00, 0.00, 0.00, 0.00, 0.00, 1, '2023-03-31 22:00:00', '2023-03-31 22:00:00'),
(186, 'Saint Lucia', 0.00, 0.00, 0.00, 0.00, 0.00, 1, '2023-03-31 22:00:00', '2023-03-31 22:00:00'),
(187, 'Saint Vincent and the Grenadines', 0.00, 0.00, 0.00, 0.00, 0.00, 1, '2023-03-31 22:00:00', '2023-03-31 22:00:00'),
(188, 'Samoa', 0.00, 0.00, 0.00, 0.00, 0.00, 1, '2023-03-31 22:00:00', '2023-03-31 22:00:00'),
(189, 'San Marino', 0.00, 0.00, 0.00, 0.00, 0.00, 1, '2023-03-31 22:00:00', '2023-03-31 22:00:00'),
(190, 'Sao Tome and Principe', 0.00, 0.00, 0.00, 0.00, 0.00, 1, '2023-03-31 22:00:00', '2023-03-31 22:00:00'),
(191, 'Saudi Arabia', 0.00, 0.00, 0.00, 0.00, 0.00, 1, '2023-03-31 22:00:00', '2023-03-31 22:00:00'),
(192, 'Senegal', 0.00, 0.00, 0.00, 0.00, 0.00, 1, '2023-03-31 22:00:00', '2023-03-31 22:00:00'),
(193, 'Serbia', 0.00, 0.00, 0.00, 0.00, 0.00, 1, '2023-03-31 22:00:00', '2023-03-31 22:00:00'),
(194, 'Seychelles', 0.00, 0.00, 0.00, 0.00, 0.00, 1, '2023-03-31 22:00:00', '2023-03-31 22:00:00'),
(195, 'Sierra Leone', 0.00, 0.00, 0.00, 0.00, 0.00, 1, '2023-03-31 22:00:00', '2023-03-31 22:00:00'),
(196, 'Singapore', 0.00, 0.00, 0.00, 0.00, 0.00, 1, '2023-03-31 22:00:00', '2023-03-31 22:00:00'),
(197, 'Slovakia', 0.00, 0.00, 0.00, 0.00, 0.00, 1, '2023-03-31 22:00:00', '2023-03-31 22:00:00'),
(198, 'Slovenia', 0.00, 0.00, 0.00, 0.00, 0.00, 1, '2023-03-31 22:00:00', '2023-03-31 22:00:00'),
(199, 'Solomon Islands', 0.00, 0.00, 0.00, 0.00, 0.00, 1, '2023-03-31 22:00:00', '2023-03-31 22:00:00'),
(200, 'Somalia', 0.00, 0.00, 0.00, 0.00, 0.00, 1, '2023-03-31 22:00:00', '2023-03-31 22:00:00'),
(201, 'South Africa', 0.00, 0.00, 0.00, 0.00, 0.00, 1, '2023-03-31 22:00:00', '2023-03-31 22:00:00'),
(202, 'South Georgia South Sandwich Islands', 0.00, 0.00, 0.00, 0.00, 0.00, 1, '2023-03-31 22:00:00', '2023-03-31 22:00:00'),
(203, 'South Sudan', 0.00, 0.00, 0.00, 0.00, 0.00, 1, '2023-03-31 22:00:00', '2023-03-31 22:00:00'),
(204, 'Spain', 0.00, 0.00, 0.00, 0.00, 0.00, 1, '2023-03-31 22:00:00', '2023-03-31 22:00:00'),
(205, 'Sri Lanka', 0.00, 0.00, 0.00, 0.00, 0.00, 1, '2023-03-31 22:00:00', '2023-03-31 22:00:00'),
(206, 'St. Helena', 0.00, 0.00, 0.00, 0.00, 0.00, 1, '2023-03-31 22:00:00', '2023-03-31 22:00:00'),
(207, 'St. Pierre and Miquelon', 0.00, 0.00, 0.00, 0.00, 0.00, 1, '2023-03-31 22:00:00', '2023-03-31 22:00:00'),
(208, 'Sudan', 0.00, 0.00, 0.00, 0.00, 0.00, 1, '2023-03-31 22:00:00', '2023-03-31 22:00:00'),
(209, 'Suriname', 0.00, 0.00, 0.00, 0.00, 0.00, 1, '2023-03-31 22:00:00', '2023-03-31 22:00:00'),
(210, 'Svalbard and Jan Mayen Islands', 0.00, 0.00, 0.00, 0.00, 0.00, 1, '2023-03-31 22:00:00', '2023-03-31 22:00:00'),
(211, 'Eswatini', 0.00, 0.00, 0.00, 0.00, 0.00, 1, '2023-03-31 22:00:00', '2023-03-31 22:00:00'),
(212, 'Sweden', 0.00, 0.00, 0.00, 0.00, 0.00, 1, '2023-03-31 22:00:00', '2023-03-31 22:00:00'),
(213, 'Switzerland', 0.00, 0.00, 0.00, 0.00, 0.00, 1, '2023-03-31 22:00:00', '2023-03-31 22:00:00'),
(214, 'Syrian Arab Republic', 0.00, 0.00, 0.00, 0.00, 0.00, 1, '2023-03-31 22:00:00', '2023-03-31 22:00:00'),
(215, 'Taiwan', 0.00, 0.00, 0.00, 0.00, 0.00, 1, '2023-03-31 22:00:00', '2023-03-31 22:00:00'),
(216, 'Tajikistan', 0.00, 0.00, 0.00, 0.00, 0.00, 1, '2023-03-31 22:00:00', '2023-03-31 22:00:00'),
(217, 'Tanzania, United Republic of', 0.00, 0.00, 0.00, 0.00, 0.00, 1, '2023-03-31 22:00:00', '2023-03-31 22:00:00'),
(218, 'Thailand', 0.00, 0.00, 0.00, 0.00, 0.00, 1, '2023-03-31 22:00:00', '2023-03-31 22:00:00'),
(219, 'Togo', 0.00, 0.00, 0.00, 0.00, 0.00, 1, '2023-03-31 22:00:00', '2023-03-31 22:00:00'),
(220, 'Tokelau', 0.00, 0.00, 0.00, 0.00, 0.00, 1, '2023-03-31 22:00:00', '2023-03-31 22:00:00'),
(221, 'Tonga', 0.00, 0.00, 0.00, 0.00, 0.00, 1, '2023-03-31 22:00:00', '2023-03-31 22:00:00'),
(222, 'Trinidad and Tobago', 0.00, 0.00, 0.00, 0.00, 0.00, 1, '2023-03-31 22:00:00', '2023-03-31 22:00:00'),
(223, 'Tunisia', 0.00, 0.00, 0.00, 0.00, 0.00, 1, '2023-03-31 22:00:00', '2023-03-31 22:00:00'),
(224, 'Turkey', 0.00, 0.00, 0.00, 0.00, 0.00, 1, '2023-03-31 22:00:00', '2023-03-31 22:00:00'),
(225, 'Turkmenistan', 0.00, 0.00, 0.00, 0.00, 0.00, 1, '2023-03-31 22:00:00', '2023-03-31 22:00:00'),
(226, 'Turks and Caicos Islands', 0.00, 0.00, 0.00, 0.00, 0.00, 1, '2023-03-31 22:00:00', '2023-03-31 22:00:00'),
(227, 'Tuvalu', 0.00, 0.00, 0.00, 0.00, 0.00, 1, '2023-03-31 22:00:00', '2023-03-31 22:00:00'),
(228, 'Uganda', 0.00, 0.00, 0.00, 0.00, 0.00, 1, '2023-03-31 22:00:00', '2023-03-31 22:00:00'),
(229, 'Ukraine', 0.00, 0.00, 0.00, 0.00, 0.00, 1, '2023-03-31 22:00:00', '2023-03-31 22:00:00'),
(230, 'United Arab Emirates', 0.00, 0.00, 0.00, 0.00, 0.00, 1, '2023-03-31 22:00:00', '2023-03-31 22:00:00'),
(231, 'United Kingdom', 0.00, 0.00, 0.00, 0.00, 0.00, 1, '2023-03-31 22:00:00', '2023-03-31 22:00:00'),
(232, 'United States', 0.00, 0.00, 0.00, 0.00, 0.00, 1, '2023-03-31 22:00:00', '2023-03-31 22:00:00'),
(233, 'United States minor outlying islands', 0.00, 0.00, 0.00, 0.00, 0.00, 1, '2023-03-31 22:00:00', '2023-03-31 22:00:00'),
(234, 'Uruguay', 0.00, 0.00, 0.00, 0.00, 0.00, 1, '2023-03-31 22:00:00', '2023-03-31 22:00:00'),
(235, 'Uzbekistan', 0.00, 0.00, 0.00, 0.00, 0.00, 1, '2023-03-31 22:00:00', '2023-03-31 22:00:00'),
(236, 'Vanuatu', 0.00, 0.00, 0.00, 0.00, 0.00, 1, '2023-03-31 22:00:00', '2023-03-31 22:00:00'),
(237, 'Vatican City State', 0.00, 0.00, 0.00, 0.00, 0.00, 1, '2023-03-31 22:00:00', '2023-03-31 22:00:00'),
(238, 'Venezuela', 0.00, 0.00, 0.00, 0.00, 0.00, 1, '2023-03-31 22:00:00', '2023-03-31 22:00:00'),
(239, 'Vietnam', 0.00, 0.00, 0.00, 0.00, 0.00, 1, '2023-03-31 22:00:00', '2023-03-31 22:00:00'),
(240, 'Virgin Islands (British)', 0.00, 0.00, 0.00, 0.00, 0.00, 1, '2023-03-31 22:00:00', '2023-03-31 22:00:00'),
(241, 'Virgin Islands (U.S.)', 0.00, 0.00, 0.00, 0.00, 0.00, 1, '2023-03-31 22:00:00', '2023-03-31 22:00:00'),
(242, 'Wallis and Futuna Islands', 0.00, 0.00, 0.00, 0.00, 0.00, 1, '2023-03-31 22:00:00', '2023-03-31 22:00:00'),
(243, 'Western Sahara', 0.00, 0.00, 0.00, 0.00, 0.00, 1, '2023-03-31 22:00:00', '2023-03-31 22:00:00'),
(244, 'Yemen', 0.00, 0.00, 0.00, 0.00, 0.00, 1, '2023-03-31 22:00:00', '2023-03-31 22:00:00'),
(245, 'Zambia', 0.00, 0.00, 0.00, 0.00, 0.00, 1, '2023-03-31 22:00:00', '2023-03-31 22:00:00'),
(246, 'Zimbabwe', 0.00, 0.00, 0.00, 0.00, 0.00, 1, '2023-03-31 22:00:00', '2023-03-31 22:00:00');

-- --------------------------------------------------------

--
-- Table structure for table `users`
--

CREATE TABLE `users` (
  `id` bigint(20) UNSIGNED NOT NULL,
  `name` varchar(255) COLLATE utf8mb4_unicode_ci NOT NULL,
  `address` varchar(255) COLLATE utf8mb4_unicode_ci DEFAULT NULL,
  `city` varchar(255) COLLATE utf8mb4_unicode_ci DEFAULT NULL,
  `state` varchar(255) COLLATE utf8mb4_unicode_ci DEFAULT NULL,
  `country` varchar(255) COLLATE utf8mb4_unicode_ci DEFAULT NULL,
  `pincode` varchar(255) COLLATE utf8mb4_unicode_ci DEFAULT NULL,
  `mobile` varchar(255) COLLATE utf8mb4_unicode_ci DEFAULT NULL,
  `email` varchar(255) COLLATE utf8mb4_unicode_ci NOT NULL,
  `email_verified_at` timestamp NULL DEFAULT NULL,
  `password` varchar(255) COLLATE utf8mb4_unicode_ci NOT NULL,
  `status` tinyint(4) NOT NULL DEFAULT 1,
  `remember_token` varchar(100) COLLATE utf8mb4_unicode_ci DEFAULT NULL,
  `access_token` text COLLATE utf8mb4_unicode_ci DEFAULT NULL,
  `created_at` timestamp NULL DEFAULT NULL,
  `updated_at` timestamp NULL DEFAULT NULL
) ENGINE=InnoDB DEFAULT CHARSET=utf8mb4 COLLATE=utf8mb4_unicode_ci;

--
-- Dumping data for table `users`
--

INSERT INTO `users` (`id`, `name`, `address`, `city`, `state`, `country`, `pincode`, `mobile`, `email`, `email_verified_at`, `password`, `status`, `remember_token`, `access_token`, `created_at`, `updated_at`) VALUES
(1, 'Angelo Firma', NULL, NULL, NULL, NULL, NULL, '09324569944', 'angelo.firma@gmail.com', NULL, '$2y$10$EV0qTfvP3r.qZx88LwVpy.wD7y0ozD.cfMlyQ0Zq1V9YfrNXMIoCu', 1, NULL, NULL, '2023-09-11 13:32:26', '2023-09-11 14:23:40'),
(4, 'Renz Customer', NULL, NULL, NULL, NULL, NULL, '09196543214', 'renzemmanuelle.cebeda@g.batstate-u.edu.ph', NULL, '$2y$10$d8tUBH79tW72wHpmGrEnrO.QXOHgnZ6fjDrD2km3TnkiHFPLG3yNK', 0, NULL, NULL, '2023-09-14 10:59:44', '2023-09-14 10:59:44'),
(5, 'Juan Delacruz', NULL, NULL, NULL, NULL, NULL, '09999876542', 'juan@gmail.com', NULL, '$2y$10$vv7uvsAGy5a0iB5KHY4iEusadoi4IgmCKC651FSRH1x/7nxQ036SO', 1, NULL, NULL, '2023-09-14 11:12:41', '2023-09-14 11:13:06'),
(6, 'Renz Cebeda', NULL, NULL, NULL, NULL, NULL, '09482334425', 'cebedarenzemmanuellec@gmail.com', NULL, '$2y$10$EV0qTfvP3r.qZx88LwVpy.wD7y0ozD.cfMlyQ0Zq1V9YfrNXMIoCu', 1, NULL, NULL, '2023-12-27 00:53:48', '2023-12-27 01:46:37'),
(12, 'Maria Clara', NULL, NULL, NULL, NULL, NULL, '09193214568', 'ucf.live23@gmail.com', NULL, '$2y$10$WzY5H6qeRAS5rtRWIt8umOCPvXfXrNjkkClGGxfitbyhEdZmm7FfG', 1, NULL, NULL, '2023-12-27 01:21:27', '2023-12-27 01:42:23'),
(13, 'Lorren Perez', NULL, NULL, NULL, NULL, NULL, '09274221512', 'lorrenperez@gmail.com', NULL, '$2y$10$baxQBNgtdeuaJB/PhDZS0er6RrYa.Ivd19.uuaHtCQjUqL3ENT7tK', 0, NULL, NULL, '2024-01-07 02:42:18', '2024-01-07 02:42:18'),
(14, 'Lorren Perez', NULL, NULL, NULL, NULL, NULL, '09274221512', 'lorrenperez8@gmail.com', NULL, '$2y$10$JS5q/BfQwIFfbTJ0NMYI6OTredJk05edheoGDi5xlr84A15rxdyzG', 1, NULL, NULL, '2024-01-07 02:42:35', '2024-01-07 02:43:28');

-- --------------------------------------------------------

--
-- Table structure for table `vendors`
--

CREATE TABLE `vendors` (
  `id` bigint(20) UNSIGNED NOT NULL,
  `name` varchar(255) COLLATE utf8mb4_unicode_ci NOT NULL,
  `address` varchar(255) COLLATE utf8mb4_unicode_ci DEFAULT NULL,
  `city` varchar(255) COLLATE utf8mb4_unicode_ci DEFAULT NULL,
  `state` varchar(255) COLLATE utf8mb4_unicode_ci DEFAULT NULL,
  `country` varchar(255) COLLATE utf8mb4_unicode_ci DEFAULT NULL,
  `pincode` varchar(255) COLLATE utf8mb4_unicode_ci DEFAULT NULL,
  `mobile` varchar(255) COLLATE utf8mb4_unicode_ci NOT NULL,
  `email` varchar(255) COLLATE utf8mb4_unicode_ci NOT NULL,
  `confirm` enum('No','Yes') COLLATE utf8mb4_unicode_ci NOT NULL DEFAULT 'No',
  `commission` double(8,2) DEFAULT NULL,
  `status` tinyint(4) NOT NULL,
  `created_at` timestamp NULL DEFAULT NULL,
  `updated_at` timestamp NULL DEFAULT NULL
) ENGINE=InnoDB DEFAULT CHARSET=utf8mb4 COLLATE=utf8mb4_unicode_ci;

--
-- Dumping data for table `vendors`
--

INSERT INTO `vendors` (`id`, `name`, `address`, `city`, `state`, `country`, `pincode`, `mobile`, `email`, `confirm`, `commission`, `status`, `created_at`, `updated_at`) VALUES
(4, 'Loren Perez', NULL, NULL, NULL, NULL, NULL, '09913216549', 'bagons@gmail.com', 'No', NULL, 1, '2023-09-11 12:36:53', '2023-09-11 10:45:03'),
(7, 'Ammie Binay Catering', NULL, NULL, NULL, NULL, NULL, '09482334425', 'renzemmanuelle.cebeda08@gmail.com', 'Yes', NULL, 1, '2024-01-09 07:26:21', '2024-01-09 05:29:14');

-- --------------------------------------------------------

--
-- Table structure for table `vendors_bank_details`
--

CREATE TABLE `vendors_bank_details` (
  `id` bigint(20) UNSIGNED NOT NULL,
  `vendor_id` int(11) NOT NULL,
  `account_holder_name` varchar(255) COLLATE utf8mb4_unicode_ci NOT NULL,
  `bank_name` varchar(255) COLLATE utf8mb4_unicode_ci NOT NULL,
  `account_number` varchar(255) COLLATE utf8mb4_unicode_ci NOT NULL,
  `bank_ifsc_code` varchar(255) COLLATE utf8mb4_unicode_ci DEFAULT NULL,
  `created_at` timestamp NULL DEFAULT NULL,
  `updated_at` timestamp NULL DEFAULT NULL
) ENGINE=InnoDB DEFAULT CHARSET=utf8mb4 COLLATE=utf8mb4_unicode_ci;

--
-- Dumping data for table `vendors_bank_details`
--

INSERT INTO `vendors_bank_details` (`id`, `vendor_id`, `account_holder_name`, `bank_name`, `account_number`, `bank_ifsc_code`, `created_at`, `updated_at`) VALUES
(1, 4, 'Loren Perez', 'Gcash', '09091236541', NULL, NULL, '2023-10-19 01:34:37');

-- --------------------------------------------------------

--
-- Table structure for table `vendors_business_details`
--

CREATE TABLE `vendors_business_details` (
  `id` bigint(20) UNSIGNED NOT NULL,
  `vendor_id` int(11) NOT NULL,
  `shop_name` varchar(255) COLLATE utf8mb4_unicode_ci DEFAULT NULL,
  `shop_address` varchar(255) COLLATE utf8mb4_unicode_ci DEFAULT NULL,
  `shop_city` varchar(255) COLLATE utf8mb4_unicode_ci DEFAULT NULL,
  `shop_state` varchar(255) COLLATE utf8mb4_unicode_ci DEFAULT NULL,
  `shop_country` varchar(255) COLLATE utf8mb4_unicode_ci DEFAULT NULL,
  `shop_pincode` varchar(255) COLLATE utf8mb4_unicode_ci DEFAULT NULL,
  `shop_mobile` varchar(255) COLLATE utf8mb4_unicode_ci DEFAULT NULL,
  `shop_website` varchar(255) COLLATE utf8mb4_unicode_ci DEFAULT NULL,
  `shop_email` varchar(255) COLLATE utf8mb4_unicode_ci DEFAULT NULL,
  `address_proof` varchar(255) COLLATE utf8mb4_unicode_ci DEFAULT NULL,
  `address_proof_image` varchar(255) COLLATE utf8mb4_unicode_ci DEFAULT NULL,
  `business_license_number` varchar(255) COLLATE utf8mb4_unicode_ci DEFAULT NULL,
  `gst_number` varchar(255) COLLATE utf8mb4_unicode_ci DEFAULT NULL,
  `pan_number` varchar(255) COLLATE utf8mb4_unicode_ci DEFAULT NULL,
  `created_at` timestamp NULL DEFAULT NULL,
  `updated_at` timestamp NULL DEFAULT NULL
) ENGINE=InnoDB DEFAULT CHARSET=utf8mb4 COLLATE=utf8mb4_unicode_ci;

--
-- Dumping data for table `vendors_business_details`
--

INSERT INTO `vendors_business_details` (`id`, `vendor_id`, `shop_name`, `shop_address`, `shop_city`, `shop_state`, `shop_country`, `shop_pincode`, `shop_mobile`, `shop_website`, `shop_email`, `address_proof`, `address_proof_image`, `business_license_number`, `gst_number`, `pan_number`, `created_at`, `updated_at`) VALUES
(1, 4, 'Bagons Catering Services', 'Bilaran', 'Nasugbu', 'Batangas', 'Philippines', '12345', '09993214567', 'None', NULL, NULL, NULL, NULL, NULL, NULL, NULL, '2023-09-11 12:37:59');

--
-- Indexes for dumped tables
--

--
-- Indexes for table `ac_messages`
--
ALTER TABLE `ac_messages`
  ADD PRIMARY KEY (`id`);

--
-- Indexes for table `ac_profiles`
--
ALTER TABLE `ac_profiles`
  ADD PRIMARY KEY (`id`);

--
-- Indexes for table `ac_settings`
--
ALTER TABLE `ac_settings`
  ADD PRIMARY KEY (`id`);

--
-- Indexes for table `ac_users_messages`
--
ALTER TABLE `ac_users_messages`
  ADD PRIMARY KEY (`id`),
  ADD UNIQUE KEY `users_id` (`users_id`,`buddy_id`);

--
-- Indexes for table `addons`
--
ALTER TABLE `addons`
  ADD PRIMARY KEY (`id`);

--
-- Indexes for table `admins`
--
ALTER TABLE `admins`
  ADD PRIMARY KEY (`id`),
  ADD UNIQUE KEY `admins_email_unique` (`email`);

--
-- Indexes for table `banners`
--
ALTER TABLE `banners`
  ADD PRIMARY KEY (`id`);

--
-- Indexes for table `brands`
--
ALTER TABLE `brands`
  ADD PRIMARY KEY (`id`);

--
-- Indexes for table `carts`
--
ALTER TABLE `carts`
  ADD PRIMARY KEY (`id`);

--
-- Indexes for table `categories`
--
ALTER TABLE `categories`
  ADD PRIMARY KEY (`id`);

--
-- Indexes for table `cod_pincodes`
--
ALTER TABLE `cod_pincodes`
  ADD PRIMARY KEY (`id`);

--
-- Indexes for table `countries`
--
ALTER TABLE `countries`
  ADD PRIMARY KEY (`id`);

--
-- Indexes for table `coupons`
--
ALTER TABLE `coupons`
  ADD PRIMARY KEY (`id`);

--
-- Indexes for table `delivery_addresses`
--
ALTER TABLE `delivery_addresses`
  ADD PRIMARY KEY (`id`);

--
-- Indexes for table `failed_jobs`
--
ALTER TABLE `failed_jobs`
  ADD PRIMARY KEY (`id`),
  ADD UNIQUE KEY `failed_jobs_uuid_unique` (`uuid`);

--
-- Indexes for table `migrations`
--
ALTER TABLE `migrations`
  ADD PRIMARY KEY (`id`);

--
-- Indexes for table `newsletter_subscribers`
--
ALTER TABLE `newsletter_subscribers`
  ADD PRIMARY KEY (`id`);

--
-- Indexes for table `oauth_access_tokens`
--
ALTER TABLE `oauth_access_tokens`
  ADD PRIMARY KEY (`id`),
  ADD KEY `oauth_access_tokens_user_id_index` (`user_id`);

--
-- Indexes for table `oauth_auth_codes`
--
ALTER TABLE `oauth_auth_codes`
  ADD PRIMARY KEY (`id`),
  ADD KEY `oauth_auth_codes_user_id_index` (`user_id`);

--
-- Indexes for table `oauth_clients`
--
ALTER TABLE `oauth_clients`
  ADD PRIMARY KEY (`id`),
  ADD KEY `oauth_clients_user_id_index` (`user_id`);

--
-- Indexes for table `oauth_personal_access_clients`
--
ALTER TABLE `oauth_personal_access_clients`
  ADD PRIMARY KEY (`id`);

--
-- Indexes for table `oauth_refresh_tokens`
--
ALTER TABLE `oauth_refresh_tokens`
  ADD PRIMARY KEY (`id`),
  ADD KEY `oauth_refresh_tokens_access_token_id_index` (`access_token_id`);

--
-- Indexes for table `orders`
--
ALTER TABLE `orders`
  ADD PRIMARY KEY (`id`);

--
-- Indexes for table `orders_logs`
--
ALTER TABLE `orders_logs`
  ADD PRIMARY KEY (`id`);

--
-- Indexes for table `orders_products`
--
ALTER TABLE `orders_products`
  ADD PRIMARY KEY (`id`);

--
-- Indexes for table `order_addons`
--
ALTER TABLE `order_addons`
  ADD PRIMARY KEY (`id`);

--
-- Indexes for table `order_item_statuses`
--
ALTER TABLE `order_item_statuses`
  ADD PRIMARY KEY (`id`);

--
-- Indexes for table `order_statuses`
--
ALTER TABLE `order_statuses`
  ADD PRIMARY KEY (`id`);

--
-- Indexes for table `password_resets`
--
ALTER TABLE `password_resets`
  ADD KEY `password_resets_email_index` (`email`);

--
-- Indexes for table `payments`
--
ALTER TABLE `payments`
  ADD PRIMARY KEY (`id`);

--
-- Indexes for table `personal_access_tokens`
--
ALTER TABLE `personal_access_tokens`
  ADD PRIMARY KEY (`id`),
  ADD UNIQUE KEY `personal_access_tokens_token_unique` (`token`),
  ADD KEY `personal_access_tokens_tokenable_type_tokenable_id_index` (`tokenable_type`,`tokenable_id`);

--
-- Indexes for table `prepaid_pincodes`
--
ALTER TABLE `prepaid_pincodes`
  ADD PRIMARY KEY (`id`);

--
-- Indexes for table `products`
--
ALTER TABLE `products`
  ADD PRIMARY KEY (`id`);

--
-- Indexes for table `products_attributes`
--
ALTER TABLE `products_attributes`
  ADD PRIMARY KEY (`id`);

--
-- Indexes for table `products_filters`
--
ALTER TABLE `products_filters`
  ADD PRIMARY KEY (`id`);

--
-- Indexes for table `products_filters_values`
--
ALTER TABLE `products_filters_values`
  ADD PRIMARY KEY (`id`);

--
-- Indexes for table `products_images`
--
ALTER TABLE `products_images`
  ADD PRIMARY KEY (`id`);

--
-- Indexes for table `ratings`
--
ALTER TABLE `ratings`
  ADD PRIMARY KEY (`id`);

--
-- Indexes for table `recently_viewed_products`
--
ALTER TABLE `recently_viewed_products`
  ADD PRIMARY KEY (`id`);

--
-- Indexes for table `sections`
--
ALTER TABLE `sections`
  ADD PRIMARY KEY (`id`);

--
-- Indexes for table `shipping_charges`
--
ALTER TABLE `shipping_charges`
  ADD PRIMARY KEY (`id`);

--
-- Indexes for table `users`
--
ALTER TABLE `users`
  ADD PRIMARY KEY (`id`),
  ADD UNIQUE KEY `users_email_unique` (`email`);

--
-- Indexes for table `vendors`
--
ALTER TABLE `vendors`
  ADD PRIMARY KEY (`id`),
  ADD UNIQUE KEY `vendors_email_unique` (`email`);

--
-- Indexes for table `vendors_bank_details`
--
ALTER TABLE `vendors_bank_details`
  ADD PRIMARY KEY (`id`);

--
-- Indexes for table `vendors_business_details`
--
ALTER TABLE `vendors_business_details`
  ADD PRIMARY KEY (`id`);

--
-- AUTO_INCREMENT for dumped tables
--

--
-- AUTO_INCREMENT for table `ac_messages`
--
ALTER TABLE `ac_messages`
  MODIFY `id` int(11) NOT NULL AUTO_INCREMENT, AUTO_INCREMENT=3;

--
-- AUTO_INCREMENT for table `ac_profiles`
--
ALTER TABLE `ac_profiles`
  MODIFY `id` int(11) NOT NULL AUTO_INCREMENT, AUTO_INCREMENT=2;

--
-- AUTO_INCREMENT for table `ac_settings`
--
ALTER TABLE `ac_settings`
  MODIFY `id` int(11) NOT NULL AUTO_INCREMENT, AUTO_INCREMENT=14;

--
-- AUTO_INCREMENT for table `ac_users_messages`
--
ALTER TABLE `ac_users_messages`
  MODIFY `id` int(11) NOT NULL AUTO_INCREMENT, AUTO_INCREMENT=3;

--
-- AUTO_INCREMENT for table `addons`
--
ALTER TABLE `addons`
  MODIFY `id` bigint(20) UNSIGNED NOT NULL AUTO_INCREMENT, AUTO_INCREMENT=17;

--
-- AUTO_INCREMENT for table `admins`
--
ALTER TABLE `admins`
  MODIFY `id` bigint(20) UNSIGNED NOT NULL AUTO_INCREMENT, AUTO_INCREMENT=14;

--
-- AUTO_INCREMENT for table `banners`
--
ALTER TABLE `banners`
  MODIFY `id` bigint(20) UNSIGNED NOT NULL AUTO_INCREMENT, AUTO_INCREMENT=16;

--
-- AUTO_INCREMENT for table `brands`
--
ALTER TABLE `brands`
  MODIFY `id` bigint(20) UNSIGNED NOT NULL AUTO_INCREMENT, AUTO_INCREMENT=17;

--
-- AUTO_INCREMENT for table `carts`
--
ALTER TABLE `carts`
  MODIFY `id` bigint(20) UNSIGNED NOT NULL AUTO_INCREMENT, AUTO_INCREMENT=131;

--
-- AUTO_INCREMENT for table `categories`
--
ALTER TABLE `categories`
  MODIFY `id` bigint(20) UNSIGNED NOT NULL AUTO_INCREMENT, AUTO_INCREMENT=32;

--
-- AUTO_INCREMENT for table `cod_pincodes`
--
ALTER TABLE `cod_pincodes`
  MODIFY `id` bigint(20) UNSIGNED NOT NULL AUTO_INCREMENT, AUTO_INCREMENT=302;

--
-- AUTO_INCREMENT for table `countries`
--
ALTER TABLE `countries`
  MODIFY `id` int(11) NOT NULL AUTO_INCREMENT, AUTO_INCREMENT=247;

--
-- AUTO_INCREMENT for table `coupons`
--
ALTER TABLE `coupons`
  MODIFY `id` bigint(20) UNSIGNED NOT NULL AUTO_INCREMENT, AUTO_INCREMENT=10;

--
-- AUTO_INCREMENT for table `delivery_addresses`
--
ALTER TABLE `delivery_addresses`
  MODIFY `id` bigint(20) UNSIGNED NOT NULL AUTO_INCREMENT, AUTO_INCREMENT=19;

--
-- AUTO_INCREMENT for table `failed_jobs`
--
ALTER TABLE `failed_jobs`
  MODIFY `id` bigint(20) UNSIGNED NOT NULL AUTO_INCREMENT;

--
-- AUTO_INCREMENT for table `migrations`
--
ALTER TABLE `migrations`
  MODIFY `id` int(10) UNSIGNED NOT NULL AUTO_INCREMENT, AUTO_INCREMENT=56;

--
-- AUTO_INCREMENT for table `newsletter_subscribers`
--
ALTER TABLE `newsletter_subscribers`
  MODIFY `id` bigint(20) UNSIGNED NOT NULL AUTO_INCREMENT, AUTO_INCREMENT=6;

--
-- AUTO_INCREMENT for table `orders`
--
ALTER TABLE `orders`
  MODIFY `id` bigint(20) UNSIGNED NOT NULL AUTO_INCREMENT, AUTO_INCREMENT=27;

--
-- AUTO_INCREMENT for table `orders_logs`
--
ALTER TABLE `orders_logs`
  MODIFY `id` bigint(20) UNSIGNED NOT NULL AUTO_INCREMENT, AUTO_INCREMENT=3;

--
-- AUTO_INCREMENT for table `orders_products`
--
ALTER TABLE `orders_products`
  MODIFY `id` bigint(20) UNSIGNED NOT NULL AUTO_INCREMENT, AUTO_INCREMENT=35;

--
-- AUTO_INCREMENT for table `order_addons`
--
ALTER TABLE `order_addons`
  MODIFY `id` int(11) NOT NULL AUTO_INCREMENT, AUTO_INCREMENT=110;

--
-- AUTO_INCREMENT for table `order_statuses`
--
ALTER TABLE `order_statuses`
  MODIFY `id` bigint(20) UNSIGNED NOT NULL AUTO_INCREMENT, AUTO_INCREMENT=12;

--
-- AUTO_INCREMENT for table `products`
--
ALTER TABLE `products`
  MODIFY `id` bigint(20) UNSIGNED NOT NULL AUTO_INCREMENT, AUTO_INCREMENT=25;

--
-- AUTO_INCREMENT for table `products_attributes`
--
ALTER TABLE `products_attributes`
  MODIFY `id` bigint(20) UNSIGNED NOT NULL AUTO_INCREMENT, AUTO_INCREMENT=68;

--
-- AUTO_INCREMENT for table `recently_viewed_products`
--
ALTER TABLE `recently_viewed_products`
  MODIFY `id` bigint(20) UNSIGNED NOT NULL AUTO_INCREMENT, AUTO_INCREMENT=245;

--
-- AUTO_INCREMENT for table `sections`
--
ALTER TABLE `sections`
  MODIFY `id` bigint(20) UNSIGNED NOT NULL AUTO_INCREMENT, AUTO_INCREMENT=11;

--
-- AUTO_INCREMENT for table `users`
--
ALTER TABLE `users`
  MODIFY `id` bigint(20) UNSIGNED NOT NULL AUTO_INCREMENT, AUTO_INCREMENT=17;

--
-- AUTO_INCREMENT for table `vendors`
--
ALTER TABLE `vendors`
  MODIFY `id` bigint(20) UNSIGNED NOT NULL AUTO_INCREMENT, AUTO_INCREMENT=8;

--
-- AUTO_INCREMENT for table `vendors_bank_details`
--
ALTER TABLE `vendors_bank_details`
  MODIFY `id` bigint(20) UNSIGNED NOT NULL AUTO_INCREMENT, AUTO_INCREMENT=2;

--
-- AUTO_INCREMENT for table `vendors_business_details`
--
ALTER TABLE `vendors_business_details`
  MODIFY `id` bigint(20) UNSIGNED NOT NULL AUTO_INCREMENT, AUTO_INCREMENT=2;
COMMIT;

/*!40101 SET CHARACTER_SET_CLIENT=@OLD_CHARACTER_SET_CLIENT */;
/*!40101 SET CHARACTER_SET_RESULTS=@OLD_CHARACTER_SET_RESULTS */;
/*!40101 SET COLLATION_CONNECTION=@OLD_COLLATION_CONNECTION */;
